"","GEOID","total","over_200","percent"
"1","36005000100",0,0,NA
"2","36005000200",1303,25,1.91864927091328
"3","36005000400",1682,90,5.35077288941736
"4","36005001600",1940,36,1.85567010309278
"5","36005001900",745,0,0
"6","36005002000",3009,34,1.12994350282486
"7","36005002300",1920,0,0
"8","36005002400",0,0,NA
"9","36005002500",1826,9,0.492880613362541
"10","36005002701",1054,0,0
"11","36005002702",1343,0,0
"12","36005002800",2299,46,2.00086994345368
"13","36005003100",473,0,0
"14","36005003300",1159,0,0
"15","36005003500",1275,0,0
"16","36005003700",83,0,0
"17","36005003800",407,0,0
"18","36005003900",1956,4,0.204498977505113
"19","36005004001",503,12,2.38568588469185
"20","36005004100",1978,26,1.314459049545
"21","36005004200",2698,0,0
"22","36005004300",1726,9,0.52143684820394
"23","36005004400",1673,70,4.18410041841004
"24","36005004600",662,9,1.3595166163142
"25","36005004800",1326,7,0.52790346907994
"26","36005005001",1460,0,0
"27","36005005002",1583,0,0
"28","36005005100",1959,0,0
"29","36005005200",708,0,0
"30","36005005300",1500,0,0
"31","36005005400",1615,23,1.42414860681115
"32","36005005600",909,10,1.1001100110011
"33","36005005902",1029,0,0
"34","36005006000",358,0,0
"35","36005006100",1994,26,1.30391173520562
"36","36005006200",2301,0,0
"37","36005006300",1998,0,0
"38","36005006400",1239,20,1.61420500403551
"39","36005006500",1761,0,0
"40","36005006700",2268,0,0
"41","36005006800",982,11,1.12016293279022
"42","36005006900",2469,0,0
"43","36005007000",1268,12,0.946372239747634
"44","36005007100",575,0,0
"45","36005007200",1744,17,0.974770642201835
"46","36005007300",1295,9,0.694980694980695
"47","36005007400",1405,0,0
"48","36005007500",1641,12,0.731261425959781
"49","36005007600",1611,41,2.54500310366232
"50","36005007700",592,0,0
"51","36005007800",2065,0,0
"52","36005007900",2175,0,0
"53","36005008300",1945,8,0.411311053984576
"54","36005008400",702,27,3.84615384615385
"55","36005008500",1634,29,1.77478580171359
"56","36005008600",1366,0,0
"57","36005008700",1768,0,0
"58","36005008900",1139,8,0.702370500438982
"59","36005009000",1184,6,0.506756756756757
"60","36005009200",1683,13,0.77243018419489
"61","36005009300",1754,0,0
"62","36005009600",658,0,0
"63","36005009800",1713,22,1.28429655575015
"64","36005011000",52,0,0
"65","36005011502",1445,0,0
"66","36005011700",570,0,0
"67","36005011800",1694,187,11.038961038961
"68","36005011900",1939,13,0.670448684889118
"69","36005012101",915,20,2.18579234972678
"70","36005012102",515,0,0
"71","36005012300",1276,0,0
"72","36005012500",1177,10,0.849617672047579
"73","36005012701",801,0,0
"74","36005012901",1360,0,0
"75","36005013000",442,37,8.3710407239819
"76","36005013100",1611,0,0
"77","36005013200",2406,82,3.40814630091438
"78","36005013300",2240,0,0
"79","36005013500",1269,0,0
"80","36005013800",1297,40,3.0840400925212
"81","36005014100",1312,0,0
"82","36005014300",301,0,0
"83","36005014400",2002,36,1.7982017982018
"84","36005014500",1982,0,0
"85","36005014701",1987,0,0
"86","36005014702",1619,0,0
"87","36005014900",1404,0,0
"88","36005015100",1847,6,0.324851109907959
"89","36005015200",864,43,4.97685185185185
"90","36005015300",1374,0,0
"91","36005015500",1047,0,0
"92","36005015700",1097,0,0
"93","36005015800",460,13,2.82608695652174
"94","36005015900",714,0,0
"95","36005016000",1495,83,5.55183946488294
"96","36005016100",1760,20,1.13636363636364
"97","36005016200",572,12,2.0979020979021
"98","36005016300",0,0,NA
"99","36005016400",380,11,2.89473684210526
"100","36005016500",376,0,0
"101","36005016600",793,27,3.40479192938209
"102","36005016700",649,0,0
"103","36005016900",480,16,3.33333333333333
"104","36005017100",0,0,NA
"105","36005017300",2156,15,0.695732838589981
"106","36005017500",2450,0,0
"107","36005017701",1167,15,1.2853470437018
"108","36005017702",1597,0,0
"109","36005017901",1635,0,0
"110","36005017902",1149,0,0
"111","36005018101",1003,0,0
"112","36005018102",1577,0,0
"113","36005018301",1891,0,0
"114","36005018302",1227,0,0
"115","36005018400",1496,66,4.41176470588235
"116","36005018500",2311,0,0
"117","36005018900",2694,0,0
"118","36005019300",1979,9,0.45477513895907
"119","36005019400",723,35,4.84094052558783
"120","36005019500",2485,0,0
"121","36005019700",2214,0,0
"122","36005019900",2741,0,0
"123","36005020000",1483,18,1.21375590020229
"124","36005020100",1210,15,1.2396694214876
"125","36005020200",742,20,2.69541778975741
"126","36005020400",958,0,0
"127","36005020501",2559,0,0
"128","36005020502",654,0,0
"129","36005020601",969,25,2.57997936016512
"130","36005020900",1553,0,0
"131","36005021001",3783,18,0.475812846946868
"132","36005021002",3127,22,0.703549728173969
"133","36005021100",1830,0,0
"134","36005021200",2148,0,0
"135","36005021301",406,0,0
"136","36005021302",1800,10,0.555555555555556
"137","36005021501",1013,0,0
"138","36005021502",2005,0,0
"139","36005021601",1542,0,0
"140","36005021602",2500,13,0.52
"141","36005021700",1566,0,0
"142","36005021800",2231,24,1.07575078440161
"143","36005021900",457,0,0
"144","36005022000",432,0,0
"145","36005022101",1178,0,0
"146","36005022102",1547,0,0
"147","36005022200",1032,9,0.872093023255814
"148","36005022300",1820,7,0.384615384615385
"149","36005022401",1128,9,0.797872340425532
"150","36005022403",1313,0,0
"151","36005022404",1711,12,0.701344243132671
"152","36005022500",2167,17,0.784494693124135
"153","36005022701",1639,0,0
"154","36005022702",550,0,0
"155","36005022703",590,0,0
"156","36005022800",2269,14,0.617011899515205
"157","36005022901",1705,0,0
"158","36005022902",1013,0,0
"159","36005023000",1032,0,0
"160","36005023100",403,0,0
"161","36005023200",827,7,0.846432889963724
"162","36005023301",1413,20,1.41542816702052
"163","36005023302",931,0,0
"164","36005023501",1096,22,2.00729927007299
"165","36005023502",1652,0,0
"166","36005023600",603,10,1.65837479270315
"167","36005023702",333,0,0
"168","36005023703",1429,0,0
"169","36005023704",1212,11,0.907590759075908
"170","36005023800",783,0,0
"171","36005023900",2429,0,0
"172","36005024000",1249,0,0
"173","36005024100",1898,21,1.10642781875659
"174","36005024300",1978,0,0
"175","36005024400",811,22,2.71270036991369
"176","36005024501",1503,0,0
"177","36005024502",1071,0,0
"178","36005024600",697,20,2.86944045911047
"179","36005024700",642,0,0
"180","36005024800",1223,58,4.74243663123467
"181","36005024900",0,0,NA
"182","36005025000",934,9,0.963597430406852
"183","36005025100",2120,0,0
"184","36005025200",869,17,1.95627157652474
"185","36005025300",1851,15,0.810372771474878
"186","36005025400",815,0,0
"187","36005025500",2081,0,0
"188","36005025600",685,0,0
"189","36005025700",614,42,6.84039087947883
"190","36005026100",1236,56,4.53074433656958
"191","36005026300",2105,0,0
"192","36005026400",1979,0,0
"193","36005026500",2008,11,0.547808764940239
"194","36005026601",1245,24,1.92771084337349
"195","36005026602",2433,88,3.61693382655158
"196","36005026701",1286,7,0.544323483670295
"197","36005026702",2361,37,1.56713257094452
"198","36005026900",1318,0,0
"199","36005027300",2482,0,0
"200","36005027401",1813,54,2.97848869277441
"201","36005027402",1248,30,2.40384615384615
"202","36005027600",12,0,0
"203","36005027700",1749,0,0
"204","36005027900",2701,66,2.4435394298408
"205","36005028100",1767,16,0.905489530277306
"206","36005028300",1264,0,0
"207","36005028400",73,0,0
"208","36005028500",1455,0,0
"209","36005028600",427,12,2.81030444964871
"210","36005028700",1206,86,7.13101160862355
"211","36005028800",1170,25,2.13675213675214
"212","36005028900",1653,36,2.17785843920145
"213","36005029301",880,180,20.4545454545455
"214","36005029302",2504,312,12.4600638977636
"215","36005029500",1761,140,7.95002839295855
"216","36005029600",919,0,0
"217","36005029700",1411,216,15.3082919914954
"218","36005030000",2530,98,3.87351778656126
"219","36005030100",607,66,10.8731466227348
"220","36005030200",4118,60,1.4570179698883
"221","36005030701",2571,429,16.6861143523921
"222","36005030900",1418,235,16.5726375176305
"223","36005031000",1226,75,6.11745513866232
"224","36005031200",601,36,5.99001663893511
"225","36005031400",653,49,7.50382848392037
"226","36005031600",654,56,8.56269113149847
"227","36005031800",651,12,1.84331797235023
"228","36005031900",9,0,0
"229","36005032300",2211,173,7.82451379466305
"230","36005032400",1276,8,0.626959247648903
"231","36005032600",1076,53,4.92565055762082
"232","36005032800",1449,0,0
"233","36005033000",1979,0,0
"234","36005033201",1814,0,0
"235","36005033202",1414,0,0
"236","36005033400",449,16,3.56347438752784
"237","36005033500",752,138,18.3510638297872
"238","36005033600",2606,32,1.2279355333845
"239","36005033700",959,172,17.9353493222106
"240","36005033800",1344,8,0.595238095238095
"241","36005034000",1597,0,0
"242","36005034200",630,0,0
"243","36005034300",581,28,4.81927710843374
"244","36005034400",533,57,10.6941838649156
"245","36005034500",1457,76,5.21619766643789
"246","36005034800",2056,82,3.98832684824903
"247","36005035000",688,52,7.55813953488372
"248","36005035100",951,104,10.9358569926393
"249","36005035600",666,52,7.80780780780781
"250","36005035800",2386,46,1.9279128248114
"251","36005035900",661,0,0
"252","36005036000",939,22,2.34291799787007
"253","36005036100",2045,0,0
"254","36005036300",2537,0,0
"255","36005036400",895,0,0
"256","36005036501",1349,0,0
"257","36005036502",700,0,0
"258","36005036700",612,0,0
"259","36005036800",627,0,0
"260","36005036901",716,0,0
"261","36005036902",745,0,0
"262","36005037000",802,38,4.73815461346633
"263","36005037100",1669,0,0
"264","36005037200",779,21,2.69576379974326
"265","36005037300",1535,13,0.846905537459283
"266","36005037400",1378,10,0.725689404934688
"267","36005037504",1244,0,0
"268","36005037600",695,0,0
"269","36005037800",1066,0,0
"270","36005037900",1514,25,1.65125495376486
"271","36005038000",1519,26,1.71165240289664
"272","36005038100",2124,0,0
"273","36005038200",779,14,1.79717586649551
"274","36005038301",1475,0,0
"275","36005038302",1793,11,0.613496932515337
"276","36005038500",1432,0,0
"277","36005038600",2461,0,0
"278","36005038700",1082,0,0
"279","36005038800",838,20,2.38663484486873
"280","36005038900",1578,0,0
"281","36005039000",944,21,2.22457627118644
"282","36005039100",2128,0,0
"283","36005039200",585,0,0
"284","36005039300",3039,0,0
"285","36005039400",1530,10,0.65359477124183
"286","36005039500",1322,0,0
"287","36005039600",1191,21,1.7632241813602
"288","36005039700",492,0,0
"289","36005039800",997,16,1.60481444332999
"290","36005039901",1647,0,0
"291","36005039902",1655,0,0
"292","36005040100",1384,24,1.73410404624277
"293","36005040302",1345,20,1.48698884758364
"294","36005040303",1436,0,0
"295","36005040304",1141,0,0
"296","36005040400",961,0,0
"297","36005040501",1184,0,0
"298","36005040502",2090,39,1.86602870813397
"299","36005040600",1097,20,1.82315405651778
"300","36005040701",1176,0,0
"301","36005040702",2399,34,1.41725719049604
"302","36005040800",1367,18,1.31675201170446
"303","36005040900",1248,0,0
"304","36005041100",1136,13,1.1443661971831
"305","36005041300",2955,14,0.473773265651438
"306","36005041400",1672,46,2.7511961722488
"307","36005041500",2125,22,1.03529411764706
"308","36005041800",1240,25,2.01612903225806
"309","36005041900",2456,31,1.26221498371336
"310","36005042000",1277,0,0
"311","36005042100",2227,14,0.628648405927256
"312","36005042200",1103,13,1.17860380779692
"313","36005042300",1454,26,1.78817056396149
"314","36005042400",787,6,0.762388818297332
"315","36005042500",2156,21,0.974025974025974
"316","36005042600",2065,122,5.90799031476998
"317","36005042800",689,38,5.51523947750363
"318","36005042901",1182,0,0
"319","36005042902",1375,12,0.872727272727273
"320","36005043000",1025,7,0.682926829268293
"321","36005043100",3342,0,0
"322","36005043400",1276,16,1.25391849529781
"323","36005043500",12,0,0
"324","36005043600",694,0,0
"325","36005044200",1212,11,0.907590759075908
"326","36005044400",1298,22,1.69491525423729
"327","36005044800",680,24,3.52941176470588
"328","36005044901",771,9,1.16731517509728
"329","36005044902",842,0,0
"330","36005045101",826,28,3.38983050847458
"331","36005045102",838,9,1.07398568019093
"332","36005045600",1049,13,1.23927550047664
"333","36005045800",2058,0,0
"334","36005046000",962,0,0
"335","36005046201",11696,174,1.48768809849521
"336","36005046202",2444,18,0.736497545008183
"337","36005048400",1122,18,1.60427807486631
"338","36005050400",9,0,0
"339","36005051600",1978,55,2.78058645096057
"340","36047000100",2119,402,18.9712128362435
"341","36047000200",357,21,5.88235294117647
"342","36047000301",2119,728,34.3558282208589
"343","36047000501",1773,468,26.3959390862944
"344","36047000502",1383,216,15.6182212581345
"345","36047000700",1834,548,29.8800436205016
"346","36047000900",2118,554,26.1567516525024
"347","36047001100",211,10,4.739336492891
"348","36047001300",906,112,12.3620309050773
"349","36047001500",1762,240,13.6208853575482
"350","36047001800",0,0,NA
"351","36047002000",468,15,3.2051282051282
"352","36047002100",1452,576,39.6694214876033
"353","36047002200",1574,13,0.825921219822109
"354","36047002300",1602,12,0.749063670411985
"355","36047002901",1152,0,0
"356","36047003000",723,65,8.99031811894882
"357","36047003100",878,42,4.78359908883827
"358","36047003300",1397,117,8.37508947745168
"359","36047003400",1349,130,9.63676797627872
"360","36047003500",750,16,2.13333333333333
"361","36047003600",1794,84,4.68227424749164
"362","36047003700",252,14,5.55555555555556
"363","36047003800",637,71,11.1459968602826
"364","36047003900",1065,197,18.4976525821596
"365","36047004100",1527,307,20.1047806155861
"366","36047004300",1422,252,17.7215189873418
"367","36047004400",1010,148,14.6534653465347
"368","36047004500",1757,424,24.1320432555492
"369","36047004600",495,112,22.6262626262626
"370","36047004700",575,91,15.8260869565217
"371","36047004900",900,143,15.8888888888889
"372","36047005000",1063,59,5.55032925682032
"373","36047005100",951,103,10.8307045215563
"374","36047005201",1052,24,2.28136882129278
"375","36047005202",1348,84,6.23145400593472
"376","36047005300",933,118,12.6473740621651
"377","36047005400",1725,75,4.34782608695652
"378","36047005601",1408,29,2.05965909090909
"379","36047005602",855,53,6.19883040935673
"380","36047005800",1623,74,4.55945779420826
"381","36047005900",605,16,2.64462809917355
"382","36047006000",1163,91,7.82459157351677
"383","36047006200",1119,61,5.45129579982127
"384","36047006300",930,80,8.60215053763441
"385","36047006400",1519,120,7.89993416721527
"386","36047006500",2544,324,12.7358490566038
"387","36047006600",1485,82,5.52188552188552
"388","36047006700",1502,405,26.9640479360852
"389","36047006800",1946,60,3.08324768756423
"390","36047006900",1643,395,24.0413877054169
"391","36047007000",1036,17,1.64092664092664
"392","36047007100",1753,102,5.81859669138619
"393","36047007200",621,0,0
"394","36047007400",1583,38,2.40050536955148
"395","36047007500",2123,307,14.4606688648139
"396","36047007600",1418,9,0.634696755994358
"397","36047007700",1848,329,17.8030303030303
"398","36047007800",1619,80,4.94132180358246
"399","36047008000",1377,26,1.8881626724764
"400","36047008200",1416,15,1.0593220338983
"401","36047008400",1050,12,1.14285714285714
"402","36047008500",2960,0,0
"403","36047008600",0,0,NA
"404","36047008800",1162,0,0
"405","36047009000",892,0,0
"406","36047009200",1585,19,1.198738170347
"407","36047009400",1572,23,1.46310432569975
"408","36047009600",1876,57,3.03837953091684
"409","36047009800",1831,23,1.25614418350628
"410","36047010000",1893,30,1.58478605388273
"411","36047010100",1544,16,1.03626943005181
"412","36047010200",1439,35,2.4322446143155
"413","36047010400",1606,8,0.49813200498132
"414","36047010600",1528,36,2.35602094240838
"415","36047010800",1417,48,3.38743824982357
"416","36047011000",716,8,1.11731843575419
"417","36047011200",2079,0,0
"418","36047011400",1240,0,0
"419","36047011600",1310,18,1.37404580152672
"420","36047011700",1223,75,6.13246116107931
"421","36047011800",634,0,0
"422","36047011900",767,81,10.5606258148631
"423","36047012000",314,0,0
"424","36047012100",833,75,9.00360144057623
"425","36047012200",1485,17,1.14478114478114
"426","36047012600",910,69,7.58241758241758
"427","36047012700",1490,141,9.46308724832215
"428","36047012801",778,16,2.05655526992288
"429","36047012901",925,115,12.4324324324324
"430","36047012902",848,144,16.9811320754717
"431","36047013000",1898,65,3.42465753424658
"432","36047013100",1862,302,16.219119226638
"433","36047013200",729,23,3.15500685871056
"434","36047013300",1674,289,17.2640382317802
"435","36047013400",1442,122,8.46047156726768
"436","36047013500",1566,416,26.5644955300128
"437","36047013600",1541,117,7.59247242050616
"438","36047013700",1403,151,10.7626514611547
"439","36047013800",1315,65,4.94296577946768
"440","36047013900",1576,176,11.1675126903553
"441","36047014000",751,40,5.32623169107856
"442","36047014100",1287,225,17.4825174825175
"443","36047014200",1368,27,1.97368421052632
"444","36047014300",1519,91,5.99078341013825
"445","36047014500",1665,78,4.68468468468468
"446","36047014700",846,79,9.33806146572104
"447","36047014800",478,24,5.02092050209205
"448","36047014900",2199,179,8.14006366530241
"449","36047015000",634,72,11.3564668769716
"450","36047015100",1513,303,20.0264375413087
"451","36047015200",879,74,8.41865756541524
"452","36047015300",1137,314,27.6165347405453
"453","36047015400",0,0,NA
"454","36047015500",1454,329,22.627235213205
"455","36047015700",2004,486,24.251497005988
"456","36047015900",2581,537,20.8058891902363
"457","36047016000",1802,63,3.496115427303
"458","36047016100",1372,268,19.533527696793
"459","36047016200",1107,105,9.48509485094851
"460","36047016300",1329,148,11.1361926260346
"461","36047016400",257,21,8.17120622568093
"462","36047016500",2576,755,29.3090062111801
"463","36047016600",761,63,8.27858081471748
"464","36047016700",2121,342,16.1244695898161
"465","36047016800",680,60,8.82352941176471
"466","36047016900",2093,177,8.45676063067367
"467","36047017000",1185,89,7.51054852320675
"468","36047017100",1565,286,18.2747603833866
"469","36047017200",991,43,4.33905146316852
"470","36047017400",707,69,9.75954738330976
"471","36047017500",11,0,0
"472","36047017600",757,7,0.924702774108322
"473","36047017700",0,0,NA
"474","36047017800",787,34,4.32020330368488
"475","36047017900",1504,106,7.04787234042553
"476","36047018000",1033,16,1.54888673765731
"477","36047018100",2144,294,13.7126865671642
"478","36047018200",1055,10,0.947867298578199
"479","36047018300",1244,230,18.4887459807074
"480","36047018400",682,50,7.33137829912024
"481","36047018501",1416,0,0
"482","36047018600",727,39,5.36451169188446
"483","36047018700",579,15,2.59067357512953
"484","36047018800",987,43,4.35663627152989
"485","36047019000",1603,13,0.810979413599501
"486","36047019100",943,32,3.39342523860021
"487","36047019200",730,24,3.28767123287671
"488","36047019300",2129,57,2.67731329262565
"489","36047019400",1206,21,1.74129353233831
"490","36047019500",1794,260,14.4927536231884
"491","36047019600",1534,9,0.586701434159061
"492","36047019700",1582,195,12.3261694058154
"493","36047019800",710,5,0.704225352112676
"494","36047019900",1310,62,4.73282442748092
"495","36047020000",737,18,2.44233378561737
"496","36047020100",1715,79,4.6064139941691
"497","36047020200",594,53,8.92255892255892
"498","36047020300",731,75,10.2599179206566
"499","36047020400",575,33,5.73913043478261
"500","36047020500",1313,111,8.45392231530845
"501","36047020600",813,84,10.3321033210332
"502","36047020700",2098,298,14.2040038131554
"503","36047020800",986,64,6.49087221095335
"504","36047021000",1428,7,0.490196078431373
"505","36047021100",496,13,2.62096774193548
"506","36047021200",1373,0,0
"507","36047021300",1822,46,2.52469813391877
"508","36047021400",584,17,2.91095890410959
"509","36047021500",2551,147,5.7624460995688
"510","36047021600",1005,10,0.995024875621891
"511","36047021700",1555,33,2.12218649517685
"512","36047021800",1019,51,5.00490677134446
"513","36047021900",1584,41,2.58838383838384
"514","36047022000",1279,36,2.81469898358092
"515","36047022100",1529,0,0
"516","36047022200",1138,102,8.96309314586995
"517","36047022400",1299,0,0
"518","36047022600",645,0,0
"519","36047022700",1367,121,8.85149963423555
"520","36047022800",745,8,1.0738255033557
"521","36047022900",1494,50,3.34672021419009
"522","36047023000",1020,16,1.56862745098039
"523","36047023100",1481,94,6.34706279540851
"524","36047023200",1574,7,0.444726810673443
"525","36047023300",1832,33,1.80131004366812
"526","36047023400",1441,38,2.63705759888966
"527","36047023500",1122,33,2.94117647058824
"528","36047023600",1608,57,3.54477611940298
"529","36047023800",1289,11,0.853374709076804
"530","36047024000",1311,31,2.36460717009916
"531","36047024100",870,11,1.26436781609195
"532","36047024200",806,39,4.83870967741935
"533","36047024300",1741,7,0.402067777139575
"534","36047024400",963,19,1.9730010384216
"535","36047024500",1613,19,1.17792932424055
"536","36047024600",931,15,1.61117078410312
"537","36047024700",910,10,1.0989010989011
"538","36047024800",891,5,0.561167227833894
"539","36047024900",1563,9,0.575815738963532
"540","36047025000",514,5,0.972762645914397
"541","36047025100",1435,23,1.60278745644599
"542","36047025200",1947,7,0.359527478171546
"543","36047025300",975,36,3.69230769230769
"544","36047025400",1143,0,0
"545","36047025500",1816,0,0
"546","36047025600",1045,29,2.77511961722488
"547","36047025700",605,0,0
"548","36047025800",1566,50,3.19284802043423
"549","36047025901",637,26,4.08163265306122
"550","36047025902",1136,0,0
"551","36047026000",1155,36,3.11688311688312
"552","36047026100",1866,21,1.12540192926045
"553","36047026200",774,56,7.23514211886305
"554","36047026300",764,26,3.40314136125654
"555","36047026400",1568,22,1.4030612244898
"556","36047026500",1490,42,2.81879194630872
"557","36047026600",1177,36,3.05862361937128
"558","36047026700",1655,88,5.31722054380665
"559","36047026800",1378,32,2.322206095791
"560","36047026900",1109,36,3.24616771866546
"561","36047027000",759,23,3.03030303030303
"562","36047027100",917,10,1.09051254089422
"563","36047027200",1102,29,2.63157894736842
"564","36047027300",1255,19,1.51394422310757
"565","36047027400",907,0,0
"566","36047027500",1558,39,2.50320924261874
"567","36047027600",1221,0,0
"568","36047027700",1494,35,2.34270414993307
"569","36047027800",1191,31,2.60285474391268
"570","36047027900",1413,28,1.98159943382873
"571","36047028000",632,10,1.58227848101266
"572","36047028100",1640,0,0
"573","36047028200",1245,18,1.44578313253012
"574","36047028300",1304,0,0
"575","36047028400",1311,11,0.83905415713196
"576","36047028501",84,0,0
"577","36047028502",1139,0,0
"578","36047028600",1919,8,0.416883793642522
"579","36047028700",1080,0,0
"580","36047028800",1018,23,2.25933202357564
"581","36047028900",1404,0,0
"582","36047029000",1489,27,1.81329751511081
"583","36047029100",1067,27,2.53045923149016
"584","36047029200",790,6,0.759493670886076
"585","36047029300",1325,8,0.60377358490566
"586","36047029400",551,14,2.54083484573503
"587","36047029500",1503,60,3.99201596806387
"588","36047029600",1956,0,0
"589","36047029700",1458,87,5.96707818930041
"590","36047029800",1277,30,2.34925606891151
"591","36047029900",721,9,1.24826629680999
"592","36047030000",1134,22,1.94003527336861
"593","36047030100",1038,44,4.23892100192678
"594","36047030200",1430,17,1.18881118881119
"595","36047030300",1564,0,0
"596","36047030400",1532,28,1.82767624020888
"597","36047030500",2441,57,2.33510856206473
"598","36047030600",687,26,3.78457059679767
"599","36047030700",1849,0,0
"600","36047030800",743,6,0.807537012113055
"601","36047030900",537,21,3.91061452513966
"602","36047031100",1117,8,0.716204118173679
"603","36047031300",2109,53,2.51303935514462
"604","36047031400",1832,22,1.20087336244541
"605","36047031500",2370,62,2.61603375527426
"606","36047031701",1416,6,0.423728813559322
"607","36047031702",1290,44,3.41085271317829
"608","36047031900",1348,28,2.07715133531157
"609","36047032100",2068,15,0.725338491295938
"610","36047032300",1482,38,2.56410256410256
"611","36047032500",2440,41,1.68032786885246
"612","36047032600",2376,0,0
"613","36047032700",1294,60,4.63678516228748
"614","36047032800",1098,0,0
"615","36047032900",2164,0,0
"616","36047033000",1681,0,0
"617","36047033100",1421,19,1.33708655876144
"618","36047033300",1377,67,4.86564996368918
"619","36047033500",770,32,4.15584415584416
"620","36047033600",1580,52,3.29113924050633
"621","36047033700",1316,39,2.96352583586626
"622","36047033900",1806,15,0.830564784053156
"623","36047034000",664,0,0
"624","36047034100",1048,0,0
"625","36047034200",2687,9,0.334946036471902
"626","36047034300",2075,0,0
"627","36047034500",897,20,2.22965440356745
"628","36047034700",1388,0,0
"629","36047034800",699,0,0
"630","36047034900",2033,44,2.16428922774225
"631","36047035000",1411,0,0
"632","36047035100",1636,0,0
"633","36047035200",430,0,0
"634","36047035300",1911,25,1.30821559392988
"635","36047035400",2653,59,2.22389747455711
"636","36047035500",1934,0,0
"637","36047035601",1367,106,7.7542062911485
"638","36047035602",2595,33,1.27167630057803
"639","36047035700",933,0,0
"640","36047035900",2122,0,0
"641","36047036001",1657,55,3.31925165962583
"642","36047036002",1986,40,2.01409869083585
"643","36047036100",952,2,0.210084033613445
"644","36047036200",1200,21,1.75
"645","36047036300",1422,49,3.44585091420534
"646","36047036400",844,0,0
"647","36047036501",1080,0,0
"648","36047036502",379,21,5.54089709762533
"649","36047036600",1255,36,2.86852589641434
"650","36047036700",487,6,1.23203285420945
"651","36047036900",1678,9,0.536352800953516
"652","36047037000",1502,122,8.12250332889481
"653","36047037100",1636,58,3.54523227383863
"654","36047037300",1450,48,3.31034482758621
"655","36047037401",1803,119,6.60011092623405
"656","36047037402",2004,15,0.748502994011976
"657","36047037500",976,22,2.25409836065574
"658","36047037700",1566,43,2.74584929757344
"659","36047037900",1446,57,3.94190871369295
"660","36047038100",1850,0,0
"661","36047038200",2098,24,1.14394661582459
"662","36047038300",1516,38,2.5065963060686
"663","36047038500",1311,38,2.89855072463768
"664","36047038600",1093,10,0.914913083257091
"665","36047038700",1363,12,0.880410858400587
"666","36047038800",1346,54,4.01188707280832
"667","36047038900",1042,26,2.49520153550864
"668","36047039000",795,36,4.52830188679245
"669","36047039100",907,12,1.32304299889746
"670","36047039200",940,0,0
"671","36047039300",1146,12,1.04712041884817
"672","36047039400",779,42,5.39152759948652
"673","36047039500",1176,0,0
"674","36047039600",704,97,13.7784090909091
"675","36047039700",1115,5,0.448430493273543
"676","36047039800",808,21,2.5990099009901
"677","36047039900",1317,9,0.683371298405467
"678","36047040000",1120,0,0
"679","36047040100",1054,11,1.04364326375712
"680","36047040200",882,0,0
"681","36047040300",1138,0,0
"682","36047040400",743,53,7.13324360699865
"683","36047040500",462,0,0
"684","36047040600",1104,27,2.44565217391304
"685","36047040700",0,0,NA
"686","36047040800",1068,24,2.24719101123596
"687","36047040900",1183,0,0
"688","36047041000",681,32,4.69897209985316
"689","36047041100",1164,0,0
"690","36047041200",1045,9,0.861244019138756
"691","36047041300",1054,22,2.08728652751423
"692","36047041401",487,20,4.10677618069815
"693","36047041402",663,22,3.31825037707391
"694","36047041500",1298,24,1.84899845916795
"695","36047041600",749,17,2.26969292389853
"696","36047041700",1245,0,0
"697","36047041800",682,59,8.65102639296188
"698","36047041900",1236,5,0.40453074433657
"699","36047042000",523,13,2.48565965583174
"700","36047042100",1176,20,1.70068027210884
"701","36047042200",1126,39,3.46358792184725
"702","36047042300",1148,28,2.4390243902439
"703","36047042400",1256,35,2.78662420382166
"704","36047042500",992,0,0
"705","36047042600",1404,56,3.98860398860399
"706","36047042700",1660,4,0.240963855421687
"707","36047042800",1428,15,1.05042016806723
"708","36047042900",1929,26,1.34784862623121
"709","36047043000",1199,0,0
"710","36047043100",1805,0,0
"711","36047043200",1539,20,1.29954515919428
"712","36047043300",1356,13,0.958702064896755
"713","36047043400",1267,52,4.10418310970797
"714","36047043500",1477,9,0.609343263371699
"715","36047043600",1628,75,4.60687960687961
"716","36047043700",1640,0,0
"717","36047043800",901,25,2.77469478357381
"718","36047043900",1211,13,1.07349298100743
"719","36047044000",844,57,6.75355450236967
"720","36047044100",1912,21,1.09832635983264
"721","36047044200",811,41,5.05548705302096
"722","36047044300",1763,0,0
"723","36047044400",1137,64,5.62884784520668
"724","36047044500",1529,15,0.981033355134075
"725","36047044600",684,33,4.82456140350877
"726","36047044700",787,59,7.49682337992376
"727","36047044800",727,10,1.37551581843191
"728","36047044900",1102,10,0.907441016333938
"729","36047045000",189,17,8.99470899470899
"730","36047045200",867,85,9.80392156862745
"731","36047045300",633,17,2.68562401263823
"732","36047045400",528,0,0
"733","36047045600",851,48,5.64042303172738
"734","36047045800",467,56,11.9914346895075
"735","36047046000",1164,53,4.553264604811
"736","36047046201",930,5,0.537634408602151
"737","36047046202",603,52,8.62354892205638
"738","36047046400",684,5,0.730994152046784
"739","36047046800",478,21,4.39330543933054
"740","36047047000",765,22,2.87581699346405
"741","36047047200",761,39,5.12483574244415
"742","36047047400",838,66,7.87589498806683
"743","36047047600",998,14,1.40280561122244
"744","36047047700",1586,79,4.98108448928121
"745","36047047800",1180,0,0
"746","36047048000",998,8,0.801603206412826
"747","36047048100",1386,78,5.62770562770563
"748","36047048200",1940,9,0.463917525773196
"749","36047048400",1599,5,0.312695434646654
"750","36047048500",895,51,5.69832402234637
"751","36047048600",958,3,0.313152400835073
"752","36047048800",1402,62,4.42225392296719
"753","36047048900",1441,0,0
"754","36047049000",2058,62,3.01263362487852
"755","36047049100",2351,0,0
"756","36047049200",1042,40,3.83877159309021
"757","36047049300",3074,33,1.07351984385166
"758","36047049400",2051,70,3.41296928327645
"759","36047049500",1170,57,4.87179487179487
"760","36047049600",1332,56,4.2042042042042
"761","36047049700",1393,84,6.03015075376884
"762","36047049800",1595,34,2.13166144200627
"763","36047049900",826,43,5.20581113801453
"764","36047050000",1550,92,5.93548387096774
"765","36047050100",1336,54,4.04191616766467
"766","36047050202",1106,178,16.0940325497288
"767","36047050300",1172,26,2.21843003412969
"768","36047050400",2084,155,7.43761996161228
"769","36047050500",1745,0,0
"770","36047050600",1865,10,0.536193029490617
"771","36047050700",466,0,0
"772","36047050801",1397,0,0
"773","36047050803",879,9,1.02389078498294
"774","36047050804",2346,19,0.809889173060529
"775","36047050900",649,21,3.23574730354391
"776","36047051001",1377,0,0
"777","36047051002",1796,0,0
"778","36047051100",1647,21,1.27504553734062
"779","36047051200",2471,47,1.902063941724
"780","36047051300",1853,16,0.863464651915812
"781","36047051400",2741,38,1.38635534476468
"782","36047051500",606,47,7.75577557755776
"783","36047051601",1985,0,0
"784","36047051602",1230,27,2.19512195121951
"785","36047051700",846,91,10.7565011820331
"786","36047051800",1334,85,6.37181409295352
"787","36047051900",1860,182,9.78494623655914
"788","36047052000",1415,95,6.71378091872792
"789","36047052300",2327,99,4.25440481306403
"790","36047052500",1096,21,1.91605839416058
"791","36047052600",1691,19,1.12359550561798
"792","36047052700",2417,49,2.02730657840298
"793","36047052800",692,64,9.2485549132948
"794","36047052900",924,0,0
"795","36047053000",1049,63,6.00571973307912
"796","36047053100",1443,10,0.693000693000693
"797","36047053200",928,35,3.77155172413793
"798","36047053300",1770,27,1.52542372881356
"799","36047053400",1176,15,1.27551020408163
"800","36047053500",1065,0,0
"801","36047053700",690,0,0
"802","36047053800",1915,12,0.626631853785901
"803","36047053900",866,0,0
"804","36047054200",1501,39,2.59826782145237
"805","36047054300",132,6,4.54545454545455
"806","36047054400",1216,51,4.19407894736842
"807","36047054500",2335,62,2.65524625267666
"808","36047054600",1831,18,0.983069361004915
"809","36047054700",1464,40,2.73224043715847
"810","36047054800",771,58,7.52269779507134
"811","36047054900",1120,168,15
"812","36047055000",1466,0,0
"813","36047055100",2138,146,6.8288119738073
"814","36047055200",1417,30,2.11714890613973
"815","36047055300",1173,42,3.58056265984655
"816","36047055400",1508,12,0.795755968169761
"817","36047055500",1454,230,15.818431911967
"818","36047055600",1285,19,1.47859922178988
"819","36047055700",818,122,14.9144254278729
"820","36047055800",882,0,0
"821","36047056000",1383,49,3.54302241503977
"822","36047056100",1509,39,2.5844930417495
"823","36047056200",568,89,15.669014084507
"824","36047056300",1956,161,8.23108384458078
"825","36047056400",939,69,7.3482428115016
"826","36047056500",1557,24,1.54142581888247
"827","36047056600",1078,37,3.43228200371058
"828","36047056800",559,0,0
"829","36047056900",679,12,1.76730486008837
"830","36047057000",1328,32,2.40963855421687
"831","36047057100",1970,112,5.68527918781726
"832","36047057200",2184,0,0
"833","36047057300",1135,95,8.37004405286344
"834","36047057400",964,56,5.80912863070539
"835","36047057500",1744,64,3.6697247706422
"836","36047057600",1024,39,3.80859375
"837","36047057800",1159,58,5.00431406384814
"838","36047057900",444,15,3.37837837837838
"839","36047058000",1215,12,0.987654320987654
"840","36047058200",1017,16,1.5732546705998
"841","36047058400",1464,28,1.91256830601093
"842","36047058600",836,46,5.50239234449761
"843","36047058800",1367,38,2.7798098024872
"844","36047058900",737,87,11.8046132971506
"845","36047059000",652,43,6.59509202453988
"846","36047059100",1768,49,2.77149321266968
"847","36047059200",1615,48,2.97213622291022
"848","36047059300",799,30,3.75469336670839
"849","36047059401",2825,81,2.86725663716814
"850","36047059402",1888,140,7.41525423728813
"851","36047059600",1050,20,1.9047619047619
"852","36047059800",1301,39,2.99769408147579
"853","36047060000",2544,65,2.55503144654088
"854","36047060600",1082,52,4.80591497227357
"855","36047060800",1303,49,3.76055257099002
"856","36047061002",1908,139,7.28511530398323
"857","36047061003",578,0,0
"858","36047061004",2834,9,0.31757233592096
"859","36047061200",403,37,9.18114143920596
"860","36047061600",534,115,21.5355805243446
"861","36047062000",643,82,12.7527216174184
"862","36047062200",1245,72,5.78313253012048
"863","36047062600",1072,22,2.05223880597015
"864","36047062800",1898,34,1.7913593256059
"865","36047063200",667,10,1.49925037481259
"866","36047063600",474,50,10.5485232067511
"867","36047063800",697,16,2.29555236728838
"868","36047064000",588,47,7.99319727891157
"869","36047064200",900,104,11.5555555555556
"870","36047064400",788,22,2.79187817258883
"871","36047064600",707,7,0.99009900990099
"872","36047064800",647,14,2.16383307573416
"873","36047065000",498,39,7.83132530120482
"874","36047065200",465,52,11.1827956989247
"875","36047065400",579,54,9.32642487046632
"876","36047065600",627,40,6.37958532695375
"877","36047065800",701,23,3.28102710413695
"878","36047066000",656,41,6.25
"879","36047066200",564,13,2.30496453900709
"880","36047066600",0,0,NA
"881","36047067000",1061,54,5.08953817153629
"882","36047067200",446,31,6.95067264573991
"883","36047067400",648,42,6.48148148148148
"884","36047067600",637,13,2.04081632653061
"885","36047067800",894,19,2.12527964205817
"886","36047068000",579,38,6.56303972366149
"887","36047068200",900,27,3
"888","36047068600",623,14,2.24719101123596
"889","36047068800",615,6,0.975609756097561
"890","36047069000",589,18,3.05602716468591
"891","36047069200",769,15,1.95058517555267
"892","36047069601",1476,62,4.20054200542005
"893","36047069602",1999,159,7.95397698849425
"894","36047069800",467,25,5.35331905781585
"895","36047070000",644,66,10.2484472049689
"896","36047070201",2355,303,12.8662420382166
"897","36047070202",27,0,0
"898","36047070203",0,0,NA
"899","36047070600",1011,96,9.49554896142433
"900","36047072000",660,12,1.81818181818182
"901","36047072200",997,92,9.22768304914744
"902","36047072400",638,25,3.91849529780564
"903","36047072600",768,14,1.82291666666667
"904","36047072800",1430,25,1.74825174825175
"905","36047073000",808,57,7.05445544554455
"906","36047073200",778,57,7.32647814910026
"907","36047073400",656,11,1.67682926829268
"908","36047073600",1253,0,0
"909","36047073800",1189,43,3.61648444070648
"910","36047074000",1152,31,2.69097222222222
"911","36047074200",1010,46,4.55445544554455
"912","36047074400",614,51,8.30618892508143
"913","36047074600",640,27,4.21875
"914","36047074800",672,68,10.1190476190476
"915","36047075000",942,20,2.12314225053079
"916","36047075200",318,69,21.6981132075472
"917","36047075400",459,69,15.0326797385621
"918","36047075600",644,74,11.4906832298137
"919","36047075800",635,128,20.1574803149606
"920","36047076000",1019,39,3.82728164867517
"921","36047076200",1632,58,3.55392156862745
"922","36047076400",1242,52,4.18679549114332
"923","36047076600",769,20,2.60078023407022
"924","36047076800",1175,56,4.76595744680851
"925","36047077000",914,9,0.984682713347921
"926","36047077200",1176,82,6.97278911564626
"927","36047077400",1089,12,1.10192837465565
"928","36047077600",1691,0,0
"929","36047078000",678,28,4.12979351032448
"930","36047078200",1564,11,0.703324808184143
"931","36047078400",841,25,2.97265160523187
"932","36047078600",1737,43,2.475532527346
"933","36047078800",1238,55,4.44264943457189
"934","36047079000",1800,47,2.61111111111111
"935","36047079200",1323,9,0.680272108843537
"936","36047079400",586,26,4.43686006825939
"937","36047079601",1836,19,1.03485838779956
"938","36047079602",1808,0,0
"939","36047079801",1384,43,3.10693641618497
"940","36047079802",2428,31,1.27677100494234
"941","36047080000",1383,91,6.57989877078814
"942","36047080200",1724,31,1.79814385150812
"943","36047080400",1221,35,2.86650286650287
"944","36047080600",1112,16,1.43884892086331
"945","36047080800",150,0,0
"946","36047081000",921,0,0
"947","36047081400",1017,24,2.3598820058997
"948","36047081600",970,5,0.515463917525773
"949","36047081800",1715,0,0
"950","36047082000",1831,0,0
"951","36047082200",2752,23,0.835755813953488
"952","36047082400",1683,14,0.83184789067142
"953","36047082600",1869,61,3.26377742108079
"954","36047082800",1246,18,1.4446227929374
"955","36047083000",2222,0,0
"956","36047083200",711,47,6.61040787623066
"957","36047083400",610,27,4.42622950819672
"958","36047083600",741,0,0
"959","36047083800",789,48,6.08365019011407
"960","36047084000",783,19,2.42656449553001
"961","36047084600",635,19,2.99212598425197
"962","36047084800",546,29,5.31135531135531
"963","36047085000",462,3,0.649350649350649
"964","36047085200",0,0,NA
"965","36047085400",675,9,1.33333333333333
"966","36047085600",1389,45,3.23974082073434
"967","36047085800",874,0,0
"968","36047086000",1188,13,1.09427609427609
"969","36047086200",1066,35,3.28330206378987
"970","36047086400",774,27,3.48837209302326
"971","36047086600",1152,15,1.30208333333333
"972","36047086800",1116,11,0.985663082437276
"973","36047087000",1175,0,0
"974","36047087200",1083,14,1.2927054478301
"975","36047087401",1300,38,2.92307692307692
"976","36047087600",597,0,0
"977","36047087800",937,0,0
"978","36047088000",1174,0,0
"979","36047088200",2504,39,1.55750798722045
"980","36047088400",1838,63,3.42763873775843
"981","36047088600",1764,0,0
"982","36047088800",1439,8,0.555941626129256
"983","36047089000",2154,19,0.882079851439183
"984","36047089200",1450,0,0
"985","36047089400",1131,18,1.59151193633952
"986","36047089600",1310,0,0
"987","36047089800",652,14,2.14723926380368
"988","36047090000",1960,0,0
"989","36047090200",863,0,0
"990","36047090600",1555,0,0
"991","36047090800",1255,0,0
"992","36047091000",2357,0,0
"993","36047091200",2268,30,1.32275132275132
"994","36047091600",1441,0,0
"995","36047091800",1057,0,0
"996","36047092000",979,14,1.43003064351379
"997","36047092200",1112,0,0
"998","36047092400",926,0,0
"999","36047092800",1007,21,2.08540218470705
"1000","36047093000",940,0,0
"1001","36047093200",445,5,1.12359550561798
"1002","36047093400",951,34,3.5751840168244
"1003","36047093600",625,24,3.84
"1004","36047093800",862,0,0
"1005","36047094401",1221,0,0
"1006","36047094402",1199,0,0
"1007","36047094600",682,42,6.158357771261
"1008","36047095000",962,46,4.78170478170478
"1009","36047095400",1421,44,3.09641097818438
"1010","36047095600",1258,59,4.68998410174881
"1011","36047095800",1127,109,9.67169476486247
"1012","36047096000",0,0,NA
"1013","36047096200",532,0,0
"1014","36047096400",732,0,0
"1015","36047096600",699,44,6.29470672389127
"1016","36047096800",441,5,1.13378684807256
"1017","36047097000",725,0,0
"1018","36047097400",712,0,0
"1019","36047098200",1664,0,0
"1020","36047098400",611,51,8.34697217675941
"1021","36047098600",1038,11,1.0597302504817
"1022","36047098800",1014,10,0.986193293885602
"1023","36047099000",471,0,0
"1024","36047099200",536,15,2.79850746268657
"1025","36047099400",605,17,2.8099173553719
"1026","36047099600",1102,32,2.9038112522686
"1027","36047099800",1296,30,2.31481481481481
"1028","36047100400",958,46,4.80167014613779
"1029","36047100600",846,49,5.7919621749409
"1030","36047100800",716,0,0
"1031","36047101000",769,6,0.780234070221066
"1032","36047101200",723,47,6.50069156293223
"1033","36047101400",820,0,0
"1034","36047101600",433,8,1.84757505773672
"1035","36047101800",738,31,4.20054200542005
"1036","36047102000",644,29,4.50310559006211
"1037","36047102200",728,19,2.60989010989011
"1038","36047102400",631,13,2.06022187004754
"1039","36047102600",856,47,5.49065420560748
"1040","36047102800",463,22,4.75161987041037
"1041","36047103400",1398,0,0
"1042","36047105801",3288,53,1.61192214111922
"1043","36047105804",3090,0,0
"1044","36047107000",183,0,0
"1045","36047107800",1750,9,0.514285714285714
"1046","36047109800",568,0,0
"1047","36047110400",1648,0,0
"1048","36047110600",1574,0,0
"1049","36047111000",1459,0,0
"1050","36047111600",913,18,1.97152245345016
"1051","36047111800",878,0,0
"1052","36047112000",1111,24,2.16021602160216
"1053","36047112200",1009,21,2.0812685827552
"1054","36047112400",1077,14,1.29990714948932
"1055","36047112600",1257,0,0
"1056","36047112800",1492,18,1.20643431635389
"1057","36047113000",1443,12,0.831600831600832
"1058","36047113200",661,0,0
"1059","36047113400",822,3,0.364963503649635
"1060","36047114201",582,33,5.67010309278351
"1061","36047114202",795,0,0
"1062","36047114400",768,0,0
"1063","36047114600",825,0,0
"1064","36047115000",766,0,0
"1065","36047115200",899,8,0.889877641824249
"1066","36047115600",1479,5,0.338066260987153
"1067","36047115800",910,0,0
"1068","36047116000",830,0,0
"1069","36047116200",756,6,0.793650793650794
"1070","36047116400",932,11,1.18025751072961
"1071","36047116600",819,7,0.854700854700855
"1072","36047116800",647,26,4.01854714064915
"1073","36047117000",610,0,0
"1074","36047117201",701,8,1.14122681883024
"1075","36047117202",1087,38,3.49586016559338
"1076","36047117400",1144,71,6.20629370629371
"1077","36047117601",856,10,1.16822429906542
"1078","36047117602",987,0,0
"1079","36047117800",426,8,1.87793427230047
"1080","36047118000",0,0,NA
"1081","36047118201",867,33,3.80622837370242
"1082","36047118202",872,0,0
"1083","36047118400",1340,53,3.95522388059702
"1084","36047118600",802,16,1.99501246882793
"1085","36047118800",1136,0,0
"1086","36047119000",678,0,0
"1087","36047119200",863,0,0
"1088","36047119400",1200,29,2.41666666666667
"1089","36047119600",1540,13,0.844155844155844
"1090","36047119800",1037,6,0.578592092574735
"1091","36047120000",626,0,0
"1092","36047120200",536,0,0
"1093","36047120800",3136,60,1.91326530612245
"1094","36047121000",1524,0,0
"1095","36047121400",1505,0,0
"1096","36047122000",1920,0,0
"1097","36047123700",1209,20,1.65425971877585
"1098","36047150200",1112,114,10.2517985611511
"1099","36047152200",1066,153,14.3527204502814
"1100","36047990100",0,0,NA
"1101","36061000100",0,0,NA
"1102","36061000201",986,0,0
"1103","36061000202",3382,134,3.96215257244234
"1104","36061000500",0,0,NA
"1105","36061000600",3838,35,0.911933298593017
"1106","36061000700",4104,1046,25.4873294346979
"1107","36061000800",3950,18,0.455696202531646
"1108","36061000900",367,116,31.6076294277929
"1109","36061001001",739,101,13.6671177266576
"1110","36061001002",2224,0,0
"1111","36061001200",1694,77,4.54545454545455
"1112","36061001300",2342,635,27.1135781383433
"1113","36061001401",1502,346,23.0359520639148
"1114","36061001402",1336,66,4.94011976047904
"1115","36061001501",3000,548,18.2666666666667
"1116","36061001502",2780,870,31.294964028777
"1117","36061001600",3018,57,1.88866799204771
"1118","36061001800",2910,152,5.2233676975945
"1119","36061002000",1820,0,0
"1120","36061002100",2430,1233,50.7407407407407
"1121","36061002201",2777,132,4.75333093266114
"1122","36061002202",981,192,19.5718654434251
"1123","36061002400",2057,53,2.57656781720953
"1124","36061002500",1864,29,1.55579399141631
"1125","36061002601",1488,126,8.46774193548387
"1126","36061002602",2062,400,19.3986420950533
"1127","36061002700",535,23,4.29906542056075
"1128","36061002800",3330,44,1.32132132132132
"1129","36061002900",2144,37,1.72574626865672
"1130","36061003001",2284,180,7.88091068301226
"1131","36061003002",1748,104,5.94965675057208
"1132","36061003100",669,218,32.5859491778774
"1133","36061003200",4662,285,6.11325611325611
"1134","36061003300",2113,1067,50.4969238050166
"1135","36061003400",3815,356,9.33158584534731
"1136","36061003601",1402,165,11.7689015691869
"1137","36061003602",1375,140,10.1818181818182
"1138","36061003700",1213,173,14.2621599340478
"1139","36061003800",5085,297,5.84070796460177
"1140","36061003900",2432,901,37.047697368421
"1141","36061004000",3998,588,14.7073536768384
"1142","36061004100",3152,243,7.70939086294416
"1143","36061004200",1623,459,28.2809611829945
"1144","36061004300",2375,389,16.3789473684211
"1145","36061004400",8125,1081,13.3046153846154
"1146","36061004500",438,103,23.5159817351598
"1147","36061004700",1265,355,28.0632411067194
"1148","36061004800",3465,569,16.4213564213564
"1149","36061004900",2674,654,24.4577412116679
"1150","36061005000",3106,725,23.3419188667096
"1151","36061005200",1406,665,47.2972972972973
"1152","36061005400",2409,814,33.7899543378995
"1153","36061005501",2139,507,23.7026647966339
"1154","36061005502",1131,248,21.9274977895668
"1155","36061005600",1784,570,31.9506726457399
"1156","36061005700",1617,544,33.6425479282622
"1157","36061005800",1987,731,36.7891293407146
"1158","36061005900",2951,859,29.1087766858692
"1159","36061006000",2356,643,27.2920203735144
"1160","36061006100",2248,543,24.1548042704626
"1161","36061006200",1333,112,8.40210052513128
"1162","36061006300",3682,1128,30.6355241716458
"1163","36061006400",4524,911,20.1370468611848
"1164","36061006500",3167,490,15.4720555730976
"1165","36061006600",5990,1014,16.9282136894825
"1166","36061006700",3332,682,20.46818727491
"1167","36061006800",3782,661,17.4775251189847
"1168","36061006900",1196,485,40.5518394648829
"1169","36061007000",4847,1099,22.673818857025
"1170","36061007100",3362,803,23.8845925044616
"1171","36061007200",4526,871,19.244365885992
"1172","36061007300",3716,856,23.0355220667384
"1173","36061007400",2120,837,39.4811320754717
"1174","36061007500",2391,736,30.7820995399414
"1175","36061007600",1199,271,22.6021684737281
"1176","36061007700",3692,777,21.0455037919827
"1177","36061007800",4294,1031,24.0102468560783
"1178","36061007900",2594,997,38.4348496530455
"1179","36061008000",3214,816,25.3889234598631
"1180","36061008100",4772,1048,21.9614417435038
"1181","36061008200",1969,429,21.7877094972067
"1182","36061008300",1920,334,17.3958333333333
"1183","36061008400",862,259,30.046403712297
"1184","36061008601",1298,423,32.5885978428351
"1185","36061008602",0,0,NA
"1186","36061008603",2408,1032,42.8571428571429
"1187","36061008700",3987,1297,32.5307248557813
"1188","36061008800",4433,943,21.2722761109858
"1189","36061008900",3274,782,23.885155772755
"1190","36061009000",4456,1251,28.0745062836625
"1191","36061009100",3678,939,25.5301794453507
"1192","36061009200",1078,356,33.0241187384045
"1193","36061009300",5074,1204,23.728813559322
"1194","36061009400",19,0,0
"1195","36061009500",1043,361,34.6116970278044
"1196","36061009600",119,20,16.8067226890756
"1197","36061009700",2631,138,5.24515393386545
"1198","36061009800",4297,1098,25.5527111938562
"1199","36061009900",1617,525,32.4675324675325
"1200","36061010000",1191,224,18.8077246011755
"1201","36061010100",560,135,24.1071428571429
"1202","36061010200",129,28,21.7054263565891
"1203","36061010300",1187,184,15.5012636899747
"1204","36061010400",704,152,21.5909090909091
"1205","36061010601",4378,1438,32.8460484239379
"1206","36061010602",2669,684,25.6275758711128
"1207","36061010800",4927,1471,29.855896082809
"1208","36061010900",62,20,32.258064516129
"1209","36061011000",4360,1285,29.4724770642202
"1210","36061011100",1900,273,14.3684210526316
"1211","36061011201",596,258,43.2885906040268
"1212","36061011202",211,87,41.2322274881517
"1213","36061011203",628,101,16.0828025477707
"1214","36061011300",88,6,6.81818181818182
"1215","36061011401",633,219,34.5971563981043
"1216","36061011402",1353,428,31.6334072431633
"1217","36061011500",1126,175,15.5417406749556
"1218","36061011600",2154,174,8.07799442896936
"1219","36061011700",1446,282,19.5020746887967
"1220","36061011800",5291,1945,36.7605367605368
"1221","36061011900",1026,23,2.24171539961014
"1222","36061012000",1925,611,31.7402597402597
"1223","36061012100",5259,394,7.49191861570641
"1224","36061012200",1635,722,44.1590214067278
"1225","36061012400",5303,1249,23.5527060154629
"1226","36061012500",1463,443,30.2802460697198
"1227","36061012600",7045,1512,21.4620298083747
"1228","36061012700",3814,391,10.2517042475092
"1229","36061012800",3057,1226,40.1046777886817
"1230","36061012900",3027,630,20.812685827552
"1231","36061013000",1954,1118,57.2159672466735
"1232","36061013100",1620,410,25.3086419753086
"1233","36061013200",6052,995,16.4408460013219
"1234","36061013300",3062,588,19.2031352057479
"1235","36061013400",6410,1684,26.2714508580343
"1236","36061013500",3321,479,14.4233664558868
"1237","36061013600",8800,2067,23.4886363636364
"1238","36061013700",4143,1190,28.7231474776732
"1239","36061013800",7379,1612,21.8457785607806
"1240","36061013900",5652,645,11.411889596603
"1241","36061014000",3889,1559,40.0874260735408
"1242","36061014200",1847,1051,56.9030860855441
"1243","36061014300",0,0,NA
"1244","36061014401",2532,872,34.4391785150079
"1245","36061014402",3897,1025,26.3022838080575
"1246","36061014500",2447,991,40.4985696771557
"1247","36061014601",2264,412,18.1978798586572
"1248","36061014602",4665,944,20.2357984994641
"1249","36061014700",1269,339,26.7139479905437
"1250","36061014801",1309,565,43.1627196333079
"1251","36061014802",3513,978,27.8394534585824
"1252","36061014900",2895,1198,41.3816925734024
"1253","36061015001",1123,377,33.5707925200356
"1254","36061015002",2550,1111,43.5686274509804
"1255","36061015100",4062,884,21.7626784835057
"1256","36061015200",3584,742,20.703125
"1257","36061015300",5148,1772,34.4211344211344
"1258","36061015400",7576,942,12.4340021119324
"1259","36061015500",5628,1387,24.6446339729922
"1260","36061015601",2916,335,11.4883401920439
"1261","36061015602",972,122,12.5514403292181
"1262","36061015700",5830,1298,22.2641509433962
"1263","36061015801",2365,905,38.2663847780127
"1264","36061015802",1768,208,11.7647058823529
"1265","36061015900",4890,1357,27.7505112474438
"1266","36061016001",1598,718,44.9311639549437
"1267","36061016002",1169,298,25.491873396065
"1268","36061016100",3637,814,22.3810833104207
"1269","36061016200",3957,61,1.54157189790245
"1270","36061016300",3898,1337,34.2996408414572
"1271","36061016400",2418,180,7.44416873449131
"1272","36061016500",3430,1202,35.0437317784257
"1273","36061016600",2864,22,0.768156424581006
"1274","36061016700",3182,1066,33.5009428032684
"1275","36061016800",1588,53,3.3375314861461
"1276","36061016900",4230,878,20.7565011820331
"1277","36061017000",3148,70,2.22363405336722
"1278","36061017100",4594,1323,28.7984327383544
"1279","36061017200",2173,60,2.76115968706857
"1280","36061017300",4428,1092,24.6612466124661
"1281","36061017401",1956,46,2.35173824130879
"1282","36061017402",861,14,1.6260162601626
"1283","36061017500",5106,1554,30.4347826086957
"1284","36061017700",4552,610,13.4007029876977
"1285","36061017800",1639,72,4.39292251372788
"1286","36061017900",4789,1079,22.5307997494258
"1287","36061018000",2699,33,1.22267506483883
"1288","36061018100",4434,800,18.042399639152
"1289","36061018200",2551,53,2.07761662093297
"1290","36061018300",4489,945,21.051459122299
"1291","36061018400",2914,84,2.88263555250515
"1292","36061018500",2592,537,20.7175925925926
"1293","36061018600",1981,26,1.31246845027764
"1294","36061018700",4172,849,20.3499520613615
"1295","36061018800",2235,4,0.178970917225951
"1296","36061018900",5026,318,6.32709908475925
"1297","36061019000",1268,134,10.5678233438486
"1298","36061019100",4382,941,21.4742126882702
"1299","36061019200",1307,9,0.688599846977812
"1300","36061019300",3902,170,4.35674013326499
"1301","36061019400",2220,33,1.48648648648649
"1302","36061019500",3432,785,22.8729603729604
"1303","36061019600",1404,16,1.13960113960114
"1304","36061019701",352,43,12.2159090909091
"1305","36061019702",981,38,3.87359836901121
"1306","36061019800",993,58,5.84088620342397
"1307","36061019900",3355,458,13.6512667660209
"1308","36061020000",1377,127,9.22294843863471
"1309","36061020101",320,60,18.75
"1310","36061020102",1748,72,4.11899313501144
"1311","36061020300",544,14,2.57352941176471
"1312","36061020500",1221,318,26.044226044226
"1313","36061020600",1202,64,5.32445923460898
"1314","36061020701",1395,119,8.53046594982079
"1315","36061020800",2094,91,4.34574976122254
"1316","36061020901",1395,55,3.9426523297491
"1317","36061021000",2989,67,2.24155235864838
"1318","36061021100",4250,264,6.21176470588235
"1319","36061021200",2296,65,2.83101045296167
"1320","36061021303",2217,22,0.99233198015336
"1321","36061021400",1846,0,0
"1322","36061021500",1150,39,3.39130434782609
"1323","36061021600",3249,136,4.18590335487842
"1324","36061021703",0,0,NA
"1325","36061021800",2577,113,4.38494373302289
"1326","36061021900",2101,0,0
"1327","36061022000",2484,82,3.30112721417069
"1328","36061022102",1228,94,7.65472312703583
"1329","36061022200",1184,73,6.16554054054054
"1330","36061022301",2315,43,1.85745140388769
"1331","36061022302",1497,14,0.935203740814963
"1332","36061022400",2532,26,1.02685624012638
"1333","36061022500",3450,0,0
"1334","36061022600",1846,136,7.36728060671723
"1335","36061022700",2288,148,6.46853146853147
"1336","36061022800",2375,129,5.43157894736842
"1337","36061022900",2803,71,2.53300035676061
"1338","36061023000",3727,167,4.48081566943923
"1339","36061023100",2720,217,7.97794117647059
"1340","36061023200",3175,0,0
"1341","36061023300",2418,151,6.24483043837883
"1342","36061023400",2058,38,1.84645286686103
"1343","36061023501",2504,85,3.39456869009585
"1344","36061023502",732,19,2.59562841530055
"1345","36061023600",3083,16,0.518975024326954
"1346","36061023700",2495,19,0.761523046092184
"1347","36061023801",3763,510,13.5530162104704
"1348","36061023802",468,88,18.8034188034188
"1349","36061023900",991,21,2.11907164480323
"1350","36061024000",0,0,NA
"1351","36061024100",3206,93,2.9008109794136
"1352","36061024200",1232,0,0
"1353","36061024301",1335,37,2.77153558052434
"1354","36061024302",2415,0,0
"1355","36061024500",4878,8,0.1640016400164
"1356","36061024700",2427,58,2.38978162340338
"1357","36061024900",362,0,0
"1358","36061025100",774,0,0
"1359","36061025300",3793,16,0.421829686264171
"1360","36061025500",2097,105,5.0071530758226
"1361","36061025700",1657,182,10.9837054918527
"1362","36061025900",1444,118,8.17174515235457
"1363","36061026100",3650,87,2.38356164383562
"1364","36061026300",2853,57,1.99789695057834
"1365","36061026500",2917,188,6.44497771683236
"1366","36061026700",528,13,2.46212121212121
"1367","36061026900",2588,0,0
"1368","36061027100",2873,49,1.70553428471981
"1369","36061027300",3178,300,9.43989930774072
"1370","36061027500",1541,257,16.6774821544452
"1371","36061027700",2003,6,0.299550673989016
"1372","36061027900",4012,55,1.37088733798604
"1373","36061028100",1320,230,17.4242424242424
"1374","36061028300",3144,30,0.954198473282443
"1375","36061028500",2624,25,0.952743902439024
"1376","36061028700",1679,14,0.83382966051221
"1377","36061029100",3843,12,0.312256049960968
"1378","36061029300",2835,17,0.599647266313933
"1379","36061029500",3162,118,3.73181530676787
"1380","36061029700",0,0,NA
"1381","36061029900",1444,12,0.831024930747922
"1382","36061030300",1776,54,3.04054054054054
"1383","36061030700",1742,85,4.87944890929966
"1384","36061030900",3366,42,1.24777183600713
"1385","36061031100",0,0,NA
"1386","36061031703",3568,1665,46.664798206278
"1387","36061031704",2770,934,33.7184115523466
"1388","36061031900",0,0,NA
"1389","36081000100",2423,673,27.7754849360297
"1390","36081000200",899,21,2.33592880978865
"1391","36081000400",1321,35,2.64950794852385
"1392","36081000600",1020,17,1.66666666666667
"1393","36081000700",2463,89,3.61347949654892
"1394","36081000800",1015,34,3.34975369458128
"1395","36081001000",967,23,2.37849017580145
"1396","36081001200",1284,146,11.3707165109034
"1397","36081001400",1048,38,3.62595419847328
"1398","36081001600",801,12,1.49812734082397
"1399","36081001800",962,21,2.18295218295218
"1400","36081001900",499,27,5.41082164328657
"1401","36081002000",499,5,1.00200400801603
"1402","36081002200",724,15,2.07182320441989
"1403","36081002400",661,19,2.87443267776097
"1404","36081002500",3093,0,0
"1405","36081002600",675,69,10.2222222222222
"1406","36081002800",929,19,2.04520990312164
"1407","36081003000",453,20,4.41501103752759
"1408","36081003100",497,30,6.03621730382294
"1409","36081003200",375,1,0.266666666666667
"1410","36081003300",759,35,4.61133069828722
"1411","36081003400",590,30,5.08474576271187
"1412","36081003600",956,47,4.9163179916318
"1413","36081003700",0,0,NA
"1414","36081003800",731,20,2.7359781121751
"1415","36081003900",481,0,0
"1416","36081004001",651,39,5.99078341013825
"1417","36081004002",333,0,0
"1418","36081004200",1184,60,5.06756756756757
"1419","36081004300",1012,0,0
"1420","36081004401",985,21,2.13197969543147
"1421","36081004500",1417,72,5.08115737473536
"1422","36081004700",1786,8,0.447928331466965
"1423","36081005000",0,0,NA
"1424","36081005100",733,0,0
"1425","36081005200",789,33,4.18250950570342
"1426","36081005300",2317,131,5.65386275356064
"1427","36081005400",1598,22,1.37672090112641
"1428","36081005500",392,38,9.69387755102041
"1429","36081005700",1831,44,2.40305843801202
"1430","36081005800",1976,65,3.28947368421053
"1431","36081005900",1699,53,3.11948204826368
"1432","36081006100",2721,94,3.45461227489893
"1433","36081006201",2881,72,2.499132245748
"1434","36081006202",2608,134,5.13803680981595
"1435","36081006300",2564,73,2.84711388455538
"1436","36081006501",1768,37,2.09276018099547
"1437","36081006502",1706,40,2.34466588511137
"1438","36081006900",1819,41,2.25398570643211
"1439","36081007100",1792,36,2.00892857142857
"1440","36081007300",1923,182,9.46437857514301
"1441","36081007500",2062,60,2.909796314258
"1442","36081007700",603,6,0.995024875621891
"1443","36081007900",1181,53,4.48772226926334
"1444","36081008100",333,19,5.70570570570571
"1445","36081008300",1188,33,2.77777777777778
"1446","36081008500",316,0,0
"1447","36081008600",836,60,7.17703349282297
"1448","36081008700",1510,0,0
"1449","36081008800",1109,28,2.52479711451758
"1450","36081009100",1212,37,3.05280528052805
"1451","36081009400",868,24,2.76497695852535
"1452","36081009500",1082,48,4.4362292051756
"1453","36081009600",877,41,4.67502850627138
"1454","36081009700",1565,85,5.43130990415335
"1455","36081009800",677,17,2.51107828655835
"1456","36081009900",0,0,NA
"1457","36081010000",926,54,5.83153347732181
"1458","36081010100",1070,45,4.20560747663551
"1459","36081010200",745,53,7.11409395973154
"1460","36081010300",1947,24,1.2326656394453
"1461","36081010400",851,19,2.23266745005875
"1462","36081010500",1774,104,5.86245772266065
"1463","36081010600",846,10,1.18203309692671
"1464","36081010701",0,0,NA
"1465","36081010800",862,51,5.91647331786543
"1466","36081011000",794,12,1.51133501259446
"1467","36081011100",1193,48,4.02347024308466
"1468","36081011200",618,24,3.88349514563107
"1469","36081011300",1903,75,3.94114555964267
"1470","36081011400",335,0,0
"1471","36081011500",1116,15,1.34408602150538
"1472","36081011600",576,8,1.38888888888889
"1473","36081011700",1686,9,0.533807829181495
"1474","36081011800",690,19,2.7536231884058
"1475","36081011900",751,8,1.06524633821571
"1476","36081012000",671,43,6.40834575260805
"1477","36081012100",933,60,6.43086816720257
"1478","36081012200",851,0,0
"1479","36081012301",1209,28,2.31596360628619
"1480","36081012400",842,27,3.20665083135392
"1481","36081012500",765,7,0.915032679738562
"1482","36081012601",772,24,3.10880829015544
"1483","36081012602",782,36,4.60358056265985
"1484","36081012800",715,24,3.35664335664336
"1485","36081013000",502,19,3.78486055776892
"1486","36081013200",612,30,4.90196078431373
"1487","36081013400",2567,12,0.467471756914686
"1488","36081013500",676,6,0.887573964497041
"1489","36081013600",860,14,1.62790697674419
"1490","36081013700",695,18,2.58992805755396
"1491","36081013800",1326,30,2.26244343891403
"1492","36081014000",1365,36,2.63736263736264
"1493","36081014100",743,11,1.48048452220727
"1494","36081014201",1228,5,0.407166123778502
"1495","36081014202",578,0,0
"1496","36081014300",1683,46,2.73321449792038
"1497","36081014400",519,0,0
"1498","36081014500",905,18,1.98895027624309
"1499","36081014700",1301,45,3.45887778631822
"1500","36081014800",523,11,2.10325047801147
"1501","36081014900",910,71,7.8021978021978
"1502","36081015000",645,26,4.03100775193798
"1503","36081015100",1148,61,5.31358885017422
"1504","36081015200",758,0,0
"1505","36081015300",880,7,0.795454545454545
"1506","36081015400",512,7,1.3671875
"1507","36081015500",922,31,3.36225596529284
"1508","36081015600",885,14,1.5819209039548
"1509","36081015700",689,14,2.03193033381713
"1510","36081015801",972,26,2.67489711934156
"1511","36081015802",1289,51,3.95655546935609
"1512","36081015900",1884,11,0.583864118895966
"1513","36081016100",808,22,2.72277227722772
"1514","36081016300",1671,0,0
"1515","36081016400",925,44,4.75675675675676
"1516","36081016600",1039,40,3.84985563041386
"1517","36081016800",835,35,4.19161676646707
"1518","36081016900",2300,116,5.04347826086957
"1519","36081017000",718,12,1.67130919220056
"1520","36081017100",0,0,NA
"1521","36081017200",581,44,7.57314974182444
"1522","36081017400",705,19,2.69503546099291
"1523","36081017600",629,28,4.45151033386327
"1524","36081017800",586,24,4.09556313993174
"1525","36081017900",426,0,0
"1526","36081018000",339,6,1.76991150442478
"1527","36081018101",1826,18,0.985761226725082
"1528","36081018102",1890,53,2.8042328042328
"1529","36081018200",650,0,0
"1530","36081018300",2678,35,1.30694548170276
"1531","36081018401",593,22,3.70994940978078
"1532","36081018402",616,19,3.08441558441558
"1533","36081018501",1622,29,1.78791615289766
"1534","36081018502",1474,85,5.76662143826323
"1535","36081018600",454,13,2.86343612334802
"1536","36081018700",1071,63,5.88235294117647
"1537","36081018800",396,34,8.58585858585858
"1538","36081018900",1339,13,0.970873786407767
"1539","36081019000",586,20,3.41296928327645
"1540","36081019200",647,10,1.54559505409583
"1541","36081019400",759,28,3.68906455862978
"1542","36081019600",740,0,0
"1543","36081019800",789,9,1.14068441064639
"1544","36081019900",245,0,0
"1545","36081020200",466,52,11.1587982832618
"1546","36081020400",597,69,11.5577889447236
"1547","36081020500",304,30,9.86842105263158
"1548","36081020600",418,0,0
"1549","36081020800",769,20,2.60078023407022
"1550","36081021200",633,0,0
"1551","36081021400",2069,57,2.7549540840986
"1552","36081021600",1855,116,6.2533692722372
"1553","36081021900",0,0,NA
"1554","36081022001",2780,44,1.58273381294964
"1555","36081022002",2416,46,1.90397350993377
"1556","36081022900",0,0,NA
"1557","36081023000",449,13,2.89532293986637
"1558","36081023200",1681,50,2.97441998810232
"1559","36081023500",2684,27,1.00596125186289
"1560","36081023600",763,16,2.09698558322412
"1561","36081023800",1411,23,1.63004961020553
"1562","36081024000",1746,12,0.687285223367698
"1563","36081024300",1789,125,6.98714365567356
"1564","36081024500",2159,18,0.833719314497453
"1565","36081024600",0,0,NA
"1566","36081024700",490,0,0
"1567","36081024900",2083,34,1.63226116178589
"1568","36081025100",2358,71,3.01102629346904
"1569","36081025301",1969,70,3.55510411376333
"1570","36081025302",1096,0,0
"1571","36081025400",2901,38,1.30989314029645
"1572","36081025500",491,13,2.64765784114053
"1573","36081025700",518,16,3.08880308880309
"1574","36081025800",429,28,6.52680652680653
"1575","36081025900",1148,62,5.4006968641115
"1576","36081026000",639,35,5.4773082942097
"1577","36081026100",2423,28,1.15559224102352
"1578","36081026200",400,0,0
"1579","36081026300",2040,95,4.65686274509804
"1580","36081026400",714,9,1.26050420168067
"1581","36081026500",1483,38,2.56237356709373
"1582","36081026600",776,0,0
"1583","36081026700",2036,37,1.81728880157171
"1584","36081026901",1681,0,0
"1585","36081026902",1550,59,3.80645161290323
"1586","36081027000",428,36,8.41121495327103
"1587","36081027100",2775,37,1.33333333333333
"1588","36081027200",601,55,9.15141430948419
"1589","36081027300",2448,37,1.51143790849673
"1590","36081027400",594,14,2.35690235690236
"1591","36081027500",2139,0,0
"1592","36081027600",387,56,14.4702842377261
"1593","36081027700",2828,32,1.13154172560113
"1594","36081027800",823,9,1.09356014580802
"1595","36081027900",2359,38,1.61085205595591
"1596","36081028000",435,19,4.36781609195402
"1597","36081028100",2336,32,1.36986301369863
"1598","36081028200",471,5,1.06157112526539
"1599","36081028300",3022,39,1.29053606882859
"1600","36081028400",958,76,7.93319415448852
"1601","36081028500",2023,182,8.99653979238754
"1602","36081028700",2612,68,2.60336906584992
"1603","36081028800",1145,49,4.27947598253275
"1604","36081028900",2149,58,2.69892973476035
"1605","36081029100",2224,34,1.52877697841727
"1606","36081029300",355,9,2.53521126760563
"1607","36081029400",2153,36,1.67208546214584
"1608","36081029500",1591,11,0.691389063482087
"1609","36081029700",732,43,5.87431693989071
"1610","36081029900",0,0,NA
"1611","36081030600",1205,56,4.64730290456432
"1612","36081030902",2520,79,3.13492063492063
"1613","36081030903",1716,171,9.96503496503496
"1614","36081030904",1250,33,2.64
"1615","36081031700",2428,34,1.4003294892916
"1616","36081032000",935,24,2.5668449197861
"1617","36081032700",1104,35,3.17028985507246
"1618","36081032800",676,4,0.591715976331361
"1619","36081032900",1193,92,7.7116512992456
"1620","36081033000",1912,50,2.61506276150628
"1621","36081033100",0,0,NA
"1622","36081033401",1016,0,0
"1623","36081033402",5874,23,0.391556009533538
"1624","36081033700",917,0,0
"1625","36081033900",1204,48,3.98671096345515
"1626","36081034700",998,6,0.601202404809619
"1627","36081035100",1453,52,3.57880247763248
"1628","36081035200",799,34,4.25531914893617
"1629","36081035300",676,21,3.10650887573965
"1630","36081035700",1303,0,0
"1631","36081035800",1216,43,3.53618421052632
"1632","36081036100",724,16,2.20994475138122
"1633","36081036300",623,5,0.802568218298555
"1634","36081036500",893,33,3.69540873460246
"1635","36081036600",927,46,4.96224379719525
"1636","36081036700",761,9,1.1826544021025
"1637","36081036800",758,26,3.43007915567282
"1638","36081037100",504,21,4.16666666666667
"1639","36081037300",780,29,3.71794871794872
"1640","36081037500",883,39,4.4167610419026
"1641","36081037600",1805,50,2.77008310249307
"1642","36081037700",886,0,0
"1643","36081037900",1277,27,2.11433046202036
"1644","36081038100",1511,26,1.72071475843812
"1645","36081038301",0,0,NA
"1646","36081038302",18,0,0
"1647","36081038400",668,37,5.53892215568862
"1648","36081039400",898,18,2.00445434298441
"1649","36081039800",532,33,6.20300751879699
"1650","36081039900",1000,57,5.7
"1651","36081040000",398,18,4.52261306532663
"1652","36081040100",1697,44,2.59281084266352
"1653","36081040200",450,14,3.11111111111111
"1654","36081040300",1602,11,0.686641697877653
"1655","36081040400",1251,10,0.799360511590727
"1656","36081040500",798,8,1.00250626566416
"1657","36081040700",1726,20,1.15874855156431
"1658","36081040900",1153,13,1.12749349522984
"1659","36081041100",858,12,1.3986013986014
"1660","36081041300",1047,93,8.88252148997135
"1661","36081041400",1104,0,0
"1662","36081041500",1067,28,2.62417994376757
"1663","36081042400",675,80,11.8518518518519
"1664","36081042600",0,0,NA
"1665","36081042700",1183,0,0
"1666","36081043200",396,38,9.5959595959596
"1667","36081043400",413,8,1.93704600484262
"1668","36081043701",772,22,2.84974093264249
"1669","36081043702",2071,18,0.869145340415258
"1670","36081043900",1072,9,0.83955223880597
"1671","36081044000",1069,0,0
"1672","36081044301",1406,0,0
"1673","36081044302",1277,13,1.01801096319499
"1674","36081044400",854,5,0.585480093676815
"1675","36081044601",1183,0,0
"1676","36081044602",1358,24,1.76730486008837
"1677","36081044800",748,5,0.668449197860963
"1678","36081045000",520,4,0.769230769230769
"1679","36081045200",238,0,0
"1680","36081045400",1525,30,1.9672131147541
"1681","36081045500",4500,30,0.666666666666667
"1682","36081045600",368,10,2.71739130434783
"1683","36081045700",1028,21,2.04280155642023
"1684","36081045800",653,74,11.3323124042879
"1685","36081045900",1149,69,6.00522193211488
"1686","36081046000",1933,14,0.724262803931712
"1687","36081046100",837,20,2.389486260454
"1688","36081046200",2079,70,3.36700336700337
"1689","36081046300",963,22,2.28452751817238
"1690","36081046400",581,68,11.7039586919105
"1691","36081046500",1055,45,4.2654028436019
"1692","36081046600",1294,48,3.70942812982998
"1693","36081046700",2110,35,1.65876777251185
"1694","36081046800",1150,0,0
"1695","36081046900",2637,60,2.27531285551763
"1696","36081047000",897,38,4.23634336677815
"1697","36081047100",1399,35,2.50178699070765
"1698","36081047200",1333,98,7.35183795948987
"1699","36081047300",1417,53,3.74029640084686
"1700","36081047500",1545,15,0.970873786407767
"1701","36081047600",472,154,32.6271186440678
"1702","36081047800",2199,78,3.54706684856753
"1703","36081047900",1908,114,5.9748427672956
"1704","36081048000",672,32,4.76190476190476
"1705","36081048100",2127,13,0.611189468735308
"1706","36081048200",410,20,4.8780487804878
"1707","36081048300",1218,33,2.70935960591133
"1708","36081048400",1533,36,2.34833659491194
"1709","36081048500",1485,22,1.48148148148148
"1710","36081048900",469,7,1.49253731343284
"1711","36081049200",1825,24,1.31506849315069
"1712","36081049301",682,7,1.02639296187683
"1713","36081049302",796,0,0
"1714","36081049500",530,13,2.45283018867925
"1715","36081049600",858,14,1.63170163170163
"1716","36081049700",983,58,5.90030518819939
"1717","36081049900",1614,43,2.66418835192069
"1718","36081050000",1460,11,0.753424657534247
"1719","36081050201",444,59,13.2882882882883
"1720","36081050202",376,51,13.563829787234
"1721","36081050400",569,36,6.32688927943761
"1722","36081050500",627,10,1.59489633173844
"1723","36081050600",497,7,1.40845070422535
"1724","36081050700",1303,72,5.52570990023024
"1725","36081050800",553,0,0
"1726","36081051000",431,10,2.32018561484919
"1727","36081051100",784,64,8.16326530612245
"1728","36081051200",785,5,0.636942675159236
"1729","36081051300",749,15,2.00267022696929
"1730","36081051500",1122,14,1.24777183600713
"1731","36081051600",531,19,3.57815442561205
"1732","36081051700",728,22,3.02197802197802
"1733","36081051800",620,62,10
"1734","36081052000",492,40,8.13008130081301
"1735","36081052100",603,10,1.65837479270315
"1736","36081052200",547,62,11.3345521023766
"1737","36081052400",581,12,2.06540447504303
"1738","36081052500",713,14,1.96353436185133
"1739","36081052600",496,0,0
"1740","36081052800",424,5,1.17924528301887
"1741","36081053000",669,7,1.04633781763827
"1742","36081053100",1232,0,0
"1743","36081053200",515,5,0.970873786407767
"1744","36081053401",652,41,6.28834355828221
"1745","36081053500",352,0,0
"1746","36081053601",515,28,5.4368932038835
"1747","36081053800",466,10,2.14592274678112
"1748","36081053900",1446,35,2.42047026279391
"1749","36081054000",1135,73,6.43171806167401
"1750","36081054200",1457,59,4.04941660947152
"1751","36081054500",1340,10,0.746268656716418
"1752","36081054700",1297,14,1.07941403238242
"1753","36081054800",651,62,9.52380952380952
"1754","36081054900",1708,19,1.11241217798595
"1755","36081055100",1650,77,4.66666666666667
"1756","36081055200",1090,73,6.69724770642202
"1757","36081055300",807,23,2.85006195786865
"1758","36081055400",829,67,8.08202653799759
"1759","36081055500",683,35,5.12445095168375
"1760","36081055600",662,28,4.22960725075529
"1761","36081055700",1334,29,2.17391304347826
"1762","36081055800",554,29,5.23465703971119
"1763","36081055900",376,15,3.98936170212766
"1764","36081056000",501,10,1.99600798403194
"1765","36081056100",49,0,0
"1766","36081056200",466,0,0
"1767","36081056400",547,5,0.914076782449726
"1768","36081056500",380,0,0
"1769","36081056600",503,9,1.78926441351889
"1770","36081056700",1525,87,5.70491803278689
"1771","36081056800",1458,38,2.60631001371742
"1772","36081057700",1446,8,0.553250345781466
"1773","36081057900",532,0,0
"1774","36081058000",1133,55,4.85436893203883
"1775","36081058100",986,20,2.02839756592292
"1776","36081058200",1392,16,1.14942528735632
"1777","36081058300",1207,21,1.73985086992543
"1778","36081058500",1388,18,1.29682997118156
"1779","36081058700",1263,17,1.34600158353127
"1780","36081058900",1553,0,0
"1781","36081059000",422,0,0
"1782","36081059100",1914,71,3.70950888192267
"1783","36081059200",416,32,7.69230769230769
"1784","36081059300",1425,53,3.71929824561404
"1785","36081059400",517,75,14.5067698259188
"1786","36081059500",1605,55,3.42679127725857
"1787","36081059600",488,19,3.89344262295082
"1788","36081059800",560,0,0
"1789","36081059900",568,18,3.16901408450704
"1790","36081060000",384,12,3.125
"1791","36081060100",787,16,2.03303684879288
"1792","36081060300",745,73,9.79865771812081
"1793","36081060600",442,17,3.84615384615385
"1794","36081060701",0,0,NA
"1795","36081060800",481,9,1.87110187110187
"1796","36081061000",451,17,3.76940133037694
"1797","36081061200",492,49,9.95934959349593
"1798","36081061301",1978,44,2.22446916076845
"1799","36081061302",3,0,0
"1800","36081061400",371,0,0
"1801","36081061601",640,41,6.40625
"1802","36081061602",424,23,5.42452830188679
"1803","36081061800",698,8,1.14613180515759
"1804","36081061900",1101,55,4.99545867393279
"1805","36081062000",448,36,8.03571428571429
"1806","36081062100",1010,31,3.06930693069307
"1807","36081062200",661,35,5.29500756429652
"1808","36081062300",755,9,1.19205298013245
"1809","36081062400",0,0,NA
"1810","36081062500",931,20,2.14822771213749
"1811","36081062600",916,81,8.84279475982533
"1812","36081062700",976,20,2.04918032786885
"1813","36081062900",1051,30,2.85442435775452
"1814","36081063000",496,36,7.25806451612903
"1815","36081063200",628,33,5.25477707006369
"1816","36081063301",513,8,1.55945419103314
"1817","36081063302",581,27,4.64716006884682
"1818","36081063500",777,23,2.96010296010296
"1819","36081063700",1080,28,2.59259259259259
"1820","36081063800",1083,69,6.37119113573407
"1821","36081063900",1014,100,9.86193293885602
"1822","36081064101",871,5,0.574052812858783
"1823","36081064102",61,0,0
"1824","36081064500",783,48,6.13026819923372
"1825","36081064600",920,46,5
"1826","36081065000",882,34,3.85487528344671
"1827","36081065400",871,24,2.75545350172216
"1828","36081065501",0,0,NA
"1829","36081065600",1392,116,8.33333333333333
"1830","36081065702",648,4,0.617283950617284
"1831","36081065703",997,47,4.71414242728185
"1832","36081065900",689,11,1.59651669085631
"1833","36081066000",1023,24,2.34604105571848
"1834","36081066100",608,50,8.22368421052632
"1835","36081066300",928,53,5.71120689655172
"1836","36081066400",3103,187,6.02642603931679
"1837","36081066501",1412,122,8.64022662889518
"1838","36081066701",1017,71,6.98131760078663
"1839","36081066900",668,35,5.23952095808383
"1840","36081067100",853,31,3.63423212192263
"1841","36081067700",676,76,11.2426035502959
"1842","36081067900",1617,32,1.97897340754484
"1843","36081068000",1432,17,1.18715083798883
"1844","36081068200",371,5,1.34770889487871
"1845","36081068300",1605,55,3.42679127725857
"1846","36081068700",1978,108,5.46006066734075
"1847","36081069000",1065,29,2.72300469483568
"1848","36081069300",1143,34,2.97462817147857
"1849","36081069400",916,43,4.6943231441048
"1850","36081069500",897,86,9.58751393534002
"1851","36081069701",1690,4,0.236686390532544
"1852","36081069702",1628,89,5.46683046683047
"1853","36081070300",743,56,7.53701211305518
"1854","36081070700",950,120,12.6315789473684
"1855","36081070900",1006,158,15.7057654075547
"1856","36081071100",2735,174,6.36197440585009
"1857","36081071303",2584,202,7.81733746130031
"1858","36081071304",2958,86,2.90736984448952
"1859","36081071305",2360,211,8.9406779661017
"1860","36081071306",2744,144,5.24781341107872
"1861","36081071600",0,0,NA
"1862","36081071701",2422,106,4.37654830718415
"1863","36081071702",1954,70,3.58239508700102
"1864","36081071900",941,18,1.91285866099894
"1865","36081072100",2139,98,4.58158017765311
"1866","36081072300",839,226,26.9368295589988
"1867","36081072900",466,25,5.36480686695279
"1868","36081073100",527,123,23.3396584440228
"1869","36081073700",1052,117,11.1216730038023
"1870","36081073900",2693,201,7.46379502413665
"1871","36081074100",1488,64,4.3010752688172
"1872","36081074300",1796,14,0.779510022271715
"1873","36081074500",1563,32,2.04734484964811
"1874","36081074700",1239,80,6.45682001614205
"1875","36081074900",516,127,24.6124031007752
"1876","36081075701",2452,182,7.42251223491028
"1877","36081075702",2258,145,6.42161204605846
"1878","36081076901",2008,294,14.6414342629482
"1879","36081076902",674,33,4.89614243323442
"1880","36081077300",1142,85,7.4430823117338
"1881","36081077500",882,30,3.40136054421769
"1882","36081077902",1554,113,7.27155727155727
"1883","36081077903",1086,71,6.5377532228361
"1884","36081077904",2126,69,3.24553151458137
"1885","36081077905",1247,67,5.3728949478749
"1886","36081077906",1262,27,2.13946117274168
"1887","36081077907",1053,32,3.03893637226971
"1888","36081077908",1316,11,0.835866261398176
"1889","36081078800",501,17,3.39321357285429
"1890","36081079000",758,20,2.63852242744063
"1891","36081079200",655,12,1.83206106870229
"1892","36081079300",0,0,NA
"1893","36081079701",2793,166,5.94343000358038
"1894","36081079702",1502,30,1.99733688415446
"1895","36081079900",1059,30,2.8328611898017
"1896","36081080301",1396,28,2.00573065902579
"1897","36081080302",1002,66,6.58682634730539
"1898","36081080900",2652,98,3.69532428355958
"1899","36081081400",925,45,4.86486486486486
"1900","36081081800",1062,54,5.08474576271187
"1901","36081083700",1701,100,5.87889476778366
"1902","36081083800",1682,44,2.61593341260404
"1903","36081084000",2020,51,2.52475247524752
"1904","36081084500",1952,23,1.17827868852459
"1905","36081084601",926,103,11.1231101511879
"1906","36081084602",256,0,0
"1907","36081084900",2303,15,0.651324359531046
"1908","36081085300",1833,62,3.38243316966721
"1909","36081085500",2534,19,0.749802683504341
"1910","36081085700",1897,0,0
"1911","36081085900",1970,13,0.65989847715736
"1912","36081086100",916,19,2.07423580786026
"1913","36081086300",2711,32,1.18037624492807
"1914","36081086400",752,30,3.98936170212766
"1915","36081086500",1886,33,1.74973488865323
"1916","36081086900",749,17,2.26969292389853
"1917","36081087100",736,38,5.16304347826087
"1918","36081088400",2761,200,7.24375226367258
"1919","36081088901",3915,103,2.6309067688378
"1920","36081089200",3011,340,11.2919295914978
"1921","36081090700",456,8,1.75438596491228
"1922","36081091601",1742,162,9.29965556831228
"1923","36081091602",0,0,NA
"1924","36081091800",12,0,0
"1925","36081091900",1714,46,2.68378063010502
"1926","36081092200",802,227,28.3042394014963
"1927","36081092500",1180,19,1.61016949152542
"1928","36081092800",1231,260,21.1210398050366
"1929","36081092900",2122,111,5.23091423185674
"1930","36081093401",1538,96,6.24187256176853
"1931","36081093402",1638,77,4.7008547008547
"1932","36081093800",2305,27,1.17136659436009
"1933","36081093900",1525,125,8.19672131147541
"1934","36081094201",1239,13,1.04923325262308
"1935","36081094202",1587,46,2.89855072463768
"1936","36081094203",2538,15,0.591016548463357
"1937","36081094500",1332,164,12.3123123123123
"1938","36081094700",752,20,2.65957446808511
"1939","36081095400",1453,51,3.50997935306263
"1940","36081096400",1133,60,5.29567519858782
"1941","36081097202",854,17,1.99063231850117
"1942","36081097203",2369,0,0
"1943","36081097204",1038,0,0
"1944","36081097300",754,103,13.6604774535809
"1945","36081098100",807,101,12.5154894671623
"1946","36081098700",953,51,5.35152151101784
"1947","36081099100",2950,287,9.72881355932203
"1948","36081099200",1185,30,2.53164556962025
"1949","36081099701",1167,66,5.65552699228792
"1950","36081099703",1923,203,10.5564222568903
"1951","36081099704",3793,224,5.90561560769839
"1952","36081099705",1003,52,5.18444666001994
"1953","36081099801",2213,114,5.15137821961139
"1954","36081099802",2529,12,0.474495848161329
"1955","36081099900",0,0,NA
"1956","36081100801",665,75,11.2781954887218
"1957","36081100802",2383,73,3.06336550566513
"1958","36081101001",2983,121,4.05631914180355
"1959","36081101002",1556,118,7.58354755784062
"1960","36081101700",2367,90,3.80228136882129
"1961","36081102900",1233,7,0.56772100567721
"1962","36081103201",1887,16,0.847906730259671
"1963","36081103202",1844,182,9.86984815618221
"1964","36081103300",1451,153,10.5444521019986
"1965","36081103900",2064,142,6.87984496124031
"1966","36081104700",2515,133,5.2882703777336
"1967","36081105900",1222,163,13.3387888707038
"1968","36081107201",824,34,4.12621359223301
"1969","36081107202",0,0,NA
"1970","36081108500",975,76,7.7948717948718
"1971","36081109300",1062,143,13.4651600753296
"1972","36081109700",658,43,6.53495440729483
"1973","36081109900",1174,9,0.766609880749574
"1974","36081111300",876,79,9.01826484018265
"1975","36081112300",790,33,4.17721518987342
"1976","36081112900",860,101,11.7441860465116
"1977","36081113300",577,23,3.98613518197574
"1978","36081113900",1456,53,3.64010989010989
"1979","36081114100",786,140,17.8117048346056
"1980","36081114700",648,119,18.3641975308642
"1981","36081115100",344,27,7.84883720930233
"1982","36081115500",736,36,4.89130434782609
"1983","36081115700",1209,32,2.64681555004136
"1984","36081115900",1415,61,4.31095406360424
"1985","36081116100",1573,40,2.54291163382072
"1986","36081116300",2782,25,0.89863407620417
"1987","36081116700",611,12,1.96399345335516
"1988","36081117100",981,23,2.34454638124363
"1989","36081117500",1917,138,7.19874804381847
"1990","36081118100",602,20,3.32225913621263
"1991","36081118500",711,0,0
"1992","36081118700",808,17,2.1039603960396
"1993","36081118900",781,19,2.43277848911652
"1994","36081119100",1113,81,7.27762803234501
"1995","36081119300",736,21,2.85326086956522
"1996","36081119500",436,25,5.73394495412844
"1997","36081119900",515,0,0
"1998","36081120100",486,7,1.440329218107
"1999","36081120300",471,34,7.21868365180467
"2000","36081120500",991,18,1.81634712411705
"2001","36081120700",906,100,11.037527593819
"2002","36081121100",0,0,NA
"2003","36081121500",1226,56,4.56769983686786
"2004","36081122300",1257,95,7.55767700875099
"2005","36081122701",4114,34,0.826446280991736
"2006","36081122702",2715,19,0.699815837937385
"2007","36081124100",1196,97,8.11036789297659
"2008","36081124700",1208,97,8.02980132450331
"2009","36081125700",969,3,0.309597523219814
"2010","36081126500",584,9,1.54109589041096
"2011","36081126700",723,17,2.35131396957123
"2012","36081127700",1132,288,25.4416961130742
"2013","36081128300",22,0,0
"2014","36081129102",1179,195,16.5394402035623
"2015","36081129103",1837,88,4.79041916167665
"2016","36081129104",1961,136,6.93523712391637
"2017","36081130100",1485,39,2.62626262626263
"2018","36081133300",1293,205,15.8546017014695
"2019","36081133900",412,49,11.8932038834951
"2020","36081134100",966,35,3.6231884057971
"2021","36081134700",3911,122,3.11940680132958
"2022","36081136700",2439,79,3.2390323903239
"2023","36081137700",2382,112,4.70193115029387
"2024","36081138501",1437,50,3.4794711203897
"2025","36081138502",0,0,NA
"2026","36081139900",547,76,13.8939670932358
"2027","36081140300",831,23,2.76774969915764
"2028","36081140901",320,0,0
"2029","36081140902",816,54,6.61764705882353
"2030","36081141700",1517,103,6.78971654581411
"2031","36081142900",1243,67,5.39018503620274
"2032","36081143500",787,51,6.48030495552732
"2033","36081144100",1208,55,4.55298013245033
"2034","36081144700",961,4,0.416233090530697
"2035","36081145101",520,16,3.07692307692308
"2036","36081145102",862,53,6.14849187935035
"2037","36081145900",1028,53,5.1556420233463
"2038","36081146300",892,52,5.82959641255605
"2039","36081146700",1358,12,0.883652430044183
"2040","36081147100",1305,164,12.5670498084291
"2041","36081147900",1677,187,11.1508646392367
"2042","36081148300",1036,223,21.5250965250965
"2043","36081150701",1065,144,13.5211267605634
"2044","36081150702",1173,137,11.6794543904518
"2045","36081152901",2462,233,9.463850528026
"2046","36081152902",2264,196,8.65724381625442
"2047","36081155101",1495,160,10.7023411371237
"2048","36081155102",3341,117,3.50194552529183
"2049","36081156700",242,10,4.13223140495868
"2050","36081157101",2512,175,6.96656050955414
"2051","36081157102",520,7,1.34615384615385
"2052","36081157901",1790,120,6.70391061452514
"2053","36081157902",1124,67,5.96085409252669
"2054","36081157903",1417,39,2.75229357798165
"2055","36081161700",1437,160,11.134307585247
"2056","36081162100",1914,147,7.68025078369906
"2057","36081990100",0,0,NA
"2058","36085000300",852,34,3.9906103286385
"2059","36085000600",1144,30,2.62237762237762
"2060","36085000700",2126,55,2.58701787394167
"2061","36085000800",2065,5,0.242130750605327
"2062","36085000900",768,53,6.90104166666667
"2063","36085001100",1097,0,0
"2064","36085001700",549,51,9.2896174863388
"2065","36085001800",238,4,1.68067226890756
"2066","36085002001",1018,45,4.42043222003929
"2067","36085002002",1186,143,12.0573355817875
"2068","36085002100",1383,37,2.67534345625452
"2069","36085002700",447,24,5.36912751677852
"2070","36085002900",1719,22,1.27981384525887
"2071","36085003300",1435,86,5.99303135888502
"2072","36085003600",790,42,5.31645569620253
"2073","36085003900",984,19,1.93089430894309
"2074","36085004000",4444,62,1.3951395139514
"2075","36085004700",1078,99,9.18367346938776
"2076","36085005000",1368,94,6.87134502923977
"2077","36085005900",1191,184,15.4492023509656
"2078","36085006400",1146,73,6.36998254799302
"2079","36085006700",975,226,23.1794871794872
"2080","36085007000",2713,154,5.67637301879838
"2081","36085007400",1500,52,3.46666666666667
"2082","36085007500",1201,48,3.99666944213156
"2083","36085007700",490,0,0
"2084","36085008100",1537,50,3.25309043591412
"2085","36085009601",1412,72,5.09915014164306
"2086","36085009602",1320,70,5.3030303030303
"2087","36085009700",1245,60,4.81927710843374
"2088","36085010500",1762,89,5.05107832009081
"2089","36085011201",1949,90,4.61775269368907
"2090","36085011202",2213,108,4.88025305015816
"2091","36085011401",1358,49,3.60824742268041
"2092","36085011402",1273,83,6.52003142183818
"2093","36085012100",1174,116,9.88074957410562
"2094","36085012200",1407,80,5.68585643212509
"2095","36085012500",943,14,1.48462354188759
"2096","36085012804",1409,104,7.38112136266856
"2097","36085012805",1081,114,10.5457909343201
"2098","36085012806",2640,153,5.79545454545454
"2099","36085013201",595,36,6.05042016806723
"2100","36085013203",1919,152,7.92079207920792
"2101","36085013204",1767,103,5.82908885116016
"2102","36085013301",599,0,0
"2103","36085013302",1023,57,5.57184750733138
"2104","36085013400",1579,119,7.53641545281824
"2105","36085013800",2111,241,11.4163903363335
"2106","36085014100",1006,11,1.0934393638171
"2107","36085014604",2648,146,5.51359516616314
"2108","36085014605",1359,151,11.1111111111111
"2109","36085014606",2415,189,7.82608695652174
"2110","36085014607",1692,185,10.9338061465721
"2111","36085014608",1265,48,3.79446640316206
"2112","36085014700",1380,111,8.04347826086956
"2113","36085015100",2040,141,6.91176470588235
"2114","36085015400",0,0,NA
"2115","36085015601",2345,171,7.29211087420043
"2116","36085015602",1125,51,4.53333333333333
"2117","36085015603",1646,126,7.65492102065614
"2118","36085016901",1174,31,2.64054514480409
"2119","36085017005",1558,153,9.82028241335045
"2120","36085017007",1668,132,7.9136690647482
"2121","36085017008",2632,252,9.57446808510638
"2122","36085017009",1517,75,4.9439683586025
"2123","36085017010",2988,216,7.2289156626506
"2124","36085017011",1738,155,8.91829689298044
"2125","36085017012",1691,180,10.6445890005914
"2126","36085017300",900,44,4.88888888888889
"2127","36085017600",1597,210,13.149655604258
"2128","36085017700",2374,355,14.9536647009267
"2129","36085018100",1013,197,19.4471865745311
"2130","36085018701",625,37,5.92
"2131","36085018702",2118,37,1.74693106704438
"2132","36085018901",2012,154,7.65407554671968
"2133","36085018902",1798,93,5.17241379310345
"2134","36085019700",680,20,2.94117647058824
"2135","36085019800",2077,181,8.71449205584978
"2136","36085020100",1172,73,6.22866894197952
"2137","36085020700",1684,56,3.32541567695962
"2138","36085020801",3096,300,9.68992248062016
"2139","36085020803",2039,300,14.7130946542423
"2140","36085020804",1810,208,11.4917127071823
"2141","36085021300",1642,11,0.669914738124239
"2142","36085022300",801,0,0
"2143","36085022600",2587,284,10.9779667568612
"2144","36085022800",56,52,92.8571428571429
"2145","36085023100",1356,17,1.25368731563422
"2146","36085023900",981,62,6.32008154943935
"2147","36085024401",1965,363,18.4732824427481
"2148","36085024402",1433,144,10.0488485694348
"2149","36085024700",947,30,3.16789862724393
"2150","36085024800",1637,132,8.06353084911423
"2151","36085025100",2096,65,3.10114503816794
"2152","36085027301",1461,88,6.02327173169062
"2153","36085027302",1275,214,16.7843137254902
"2154","36085027702",2864,66,2.30446927374302
"2155","36085027704",1363,85,6.23624358033749
"2156","36085027705",1773,174,9.81387478849408
"2157","36085027706",1074,26,2.42085661080074
"2158","36085027900",635,139,21.8897637795276
"2159","36085029102",789,32,4.05576679340938
"2160","36085029103",2673,141,5.27497194163861
"2161","36085029104",2275,208,9.14285714285714
"2162","36085030301",1795,55,3.06406685236769
"2163","36085030302",2020,133,6.58415841584158
"2164","36085031901",1095,0,0
"2165","36085031902",1548,24,1.55038759689922
"2166","36085032300",429,0,0
"2167","36085990100",0,0,NA
